T3,SP3,Y3,YN3
1,0,13,3
3,0,11,5
4,0,11,5
6,0,11,5
7,0,9,7
9,0,12,4
10,0,10,6
14,0,11,5
27,0,12,4
39,0,12,4
52,0,13,3
64,0,12,4
76,0,13,3
90,0,12,4
102,0,13,3
115,0,12,4
129,0,12,4
142,0,12,4
156,0,13,3
169,0,13,3
183,0,12,4
196,0,12,4
209,0,12,4
224,0,12,4
237,0,12,4
250,0,12,4
264,0,12,4
277,0,12,4
291,0,12,4
305,0,12,4
318,0,12,4
331,0,12,4
345,0,12,4
359,0,12,4
372,0,11,5
386,0,12,4
399,0,12,4
412,0,11,5
427,0,12,4
440,0,12,4
452,0,0,16
465,0,12,4
479,0,12,4
493,0,11,5
506,0,12,4
520,0,12,4
533,0,11,5
546,0,12,4
561,0,12,4
574,0,12,4
587,0,12,4
601,0,12,4
614,0,12,4
628,0,12,4
642,0,12,4
655,0,12,4
668,0,13,3
681,0,12,4
696,0,12,4
709,0,12,4
722,0,12,4
736,0,12,4
750,0,13,3
763,0,12,4
777,0,12,4
790,0,12,4
803,0,13,3
818,0,13,3
831,0,12,4
844,0,12,4
858,0,13,3
871,0,13,3
885,0,12,4
899,0,12,4
912,0,12,4
925,0,13,3
939,0,13,3
953,0,12,4
966,0,12,4
978,0,0,16
992,0,12,4
1005,0,13,3
1020,0,12,4
1035,0,12,4
1049,0,12,4
1063,0,12,4
1078,0,12,4
1093,0,11,5
1107,0,12,4
1122,0,12,4
1136,0,12,4
1150,0,12,4
1166,0,12,4
1180,0,12,4
1195,0,12,4
1209,0,13,3
1224,0,12,4
1239,0,12,4
1253,0,12,4
1267,0,12,4
1283,0,13,3
1297,0,12,4
1311,0,12,4
1326,0,12,4
1340,0,13,3
1355,0,13,3
1370,0,12,4
1384,0,12,4
1398,0,13,3
1413,0,12,4
1428,0,12,4
1442,0,12,4
1457,0,12,4
1471,0,13,3
1486,0,12,4
1501,0,12,4
1515,0,12,4
1529,0,12,4
1544,0,12,4
1559,0,13,3
1573,0,12,4
1588,0,12,4
1602,0,12,4
1617,0,12,4
1632,0,12,4
1646,0,13,3
1660,0,12,4
1675,0,13,3
1690,0,12,4
1704,0,12,4
1719,0,13,3
1733,0,12,4
1748,0,13,3
1763,0,12,4
1777,0,12,4
1792,0,12,4
1806,0,12,4
1821,0,12,4
1836,0,12,4
1850,0,12,4
1864,0,12,4
1879,0,12,4
1894,0,12,4
1908,0,12,4
1923,0,12,4
1937,0,12,4
1952,0,12,4
1967,0,12,4
1981,0,12,4
1995,0,12,4
2010,0,12,4
2025,0,12,4
2039,0,12,4
2054,0,12,4
2068,0,12,4
2083,0,12,4
2098,0,12,4
2112,0,12,4
2126,0,12,4
2141,0,12,4
2156,0,13,3
2170,0,12,4
2185,0,12,4
2199,0,12,4
2214,0,13,3
2229,0,13,3
2243,0,12,4
2257,0,12,4
2272,0,12,4
2287,0,12,4
2301,0,12,4
2316,0,12,4
2330,0,12,4
2344,0,13,3
2360,0,12,4
2374,0,12,4
2388,0,12,4
2403,0,12,4
2418,0,12,4
2433,0,12,4
2447,0,12,4
2461,0,12,4
2476,0,12,4
2491,0,12,4
2505,0,12,4
2520,0,12,4
2534,0,12,4
2548,0,12,4
2564,0,12,4
2578,0,12,4
2592,0,12,4
2607,0,12,4
2622,0,12,4
2636,0,12,4
2651,0,12,4
2665,0,13,3
2679,0,12,4
2695,0,12,4
2709,0,12,4
2723,0,12,4
2738,0,12,4
2753,0,11,5
2767,0,12,4
2782,0,12,4
2796,0,12,4
2810,0,12,4
2826,0,12,4
2840,0,12,4
2854,0,12,4
2869,0,12,4
2884,0,12,4
2898,0,12,4
2913,0,12,4
2927,0,12,4
2941,0,12,4
2957,0,12,4
2971,0,12,4
2985,0,12,4
3000,0,12,4
3014,0,12,4
3030,0,12,4
3044,0,12,4
3058,0,12,4
3073,0,12,4
3088,0,12,4
3102,0,12,4
3117,0,12,4
3131,0,12,4
3145,0,12,4
3161,0,12,4
3175,0,12,4
3189,0,12,4
3204,0,12,4
3219,0,12,4
3233,0,12,4
3248,0,12,4
3262,0,12,4
3276,0,12,4
3292,0,12,4
3306,0,12,4
3320,0,12,4
3335,0,13,3
3350,0,12,4
3364,0,12,4
3379,0,12,4
3393,0,11,5
3407,0,12,4
3423,0,12,4
3437,0,12,4
3451,0,12,4
3466,0,12,4
3481,0,12,4
3495,0,12,4
3510,0,12,4
3524,0,12,4
3538,0,12,4
3554,0,11,5
3568,0,12,4
3582,0,12,4
3597,0,12,4
3611,0,12,4
3627,0,12,4
3641,0,12,4
3655,0,12,4
3670,0,13,3
3685,0,13,3
3699,0,12,4
3714,0,11,5
3728,0,12,4
3742,0,12,4
3758,0,12,4
3772,0,12,4
3786,0,12,4
3801,0,12,4
3816,0,12,4
3830,0,12,4
3845,0,12,4
3859,0,12,4
3873,0,12,4
3889,0,12,4
3903,0,12,4
3917,0,12,4
3932,0,12,4
3946,0,12,4
3961,0,12,4
3976,0,12,4
3990,0,12,4
4004,0,12,4
4020,0,12,4
4033,0,0,16
4047,0,12,4
4062,0,12,4
4076,0,13,3
4091,0,12,4
4106,0,12,4
4120,0,12,4
4134,0,9,7
4149,0,12,4
4163,0,12,4
4177,0,12,4
4192,0,12,4
4206,0,12,4
4221,0,12,4
4236,0,12,4
4250,0,13,3
4264,0,13,3
4280,0,12,4
4294,0,12,4
4308,0,12,4
4323,0,12,4
4337,0,12,4
4353,0,12,4
4367,0,12,4
4381,0,12,4
4396,0,13,3
4410,0,12,4
4425,0,12,4
4440,0,12,4
4454,0,12,4
4468,0,12,4
4484,0,12,4
4498,0,13,3
4512,0,12,4
4527,0,12,4
4541,0,12,4
4556,0,12,4
4571,0,12,4
4585,0,12,4
4599,0,12,4
4615,0,12,4
4629,0,12,4
4643,0,12,4
4658,0,12,4
4672,0,12,4
4687,0,12,4
4702,0,12,4
4716,0,12,4
4730,0,12,4
4746,0,12,4
4760,0,12,4
4774,0,12,4
4789,0,12,4
4803,0,12,4
4818,0,12,4
4833,0,12,4
4847,0,12,4
4861,0,13,3
4876,0,12,4
4891,0,12,4
4905,0,12,4
4920,0,12,4
4934,0,12,4
4950,0,12,4
4964,0,12,4
4978,0,13,3
4993,0,12,4
5007,0,13,3
5022,0,12,4
5037,0,12,4
5051,0,12,4
5065,0,12,4
5081,0,12,4
5095,0,12,4
5109,0,12,4
5124,0,12,4
5138,0,12,4
5153,0,13,3
5168,0,12,4
5182,0,12,4
5196,0,14,2
5212,0,12,4
5226,0,12,4
5240,0,12,4
5255,0,12,4
5269,0,13,3
5284,0,12,4
5299,0,12,4
5313,0,12,4
5327,0,12,4
5342,0,12,4
5357,0,12,4
5371,0,12,4
5386,0,12,4
5400,0,13,3
5415,0,12,4
5430,0,12,4
5444,0,12,4
5458,0,12,4
5473,0,13,3
5488,0,12,4
5502,0,12,4
5517,0,12,4
5531,0,13,3
5547,0,12,4
5561,0,12,4
5575,0,12,4
5590,0,12,4
5604,0,12,4
5619,0,12,4
5634,0,12,4
5648,0,12,4
5662,0,12,4
5678,0,12,4
5692,0,12,4
5706,0,12,4
5721,0,12,4
5735,0,12,4
5750,0,12,4
5765,0,12,4
5779,0,12,4
5793,0,12,4
5809,0,13,3
5823,0,12,4
5837,0,12,4
5852,0,12,4
5866,0,12,4
5881,0,12,4
5896,0,12,4
5910,0,12,4
5924,0,12,4
5939,0,13,3
5954,0,12,4
5968,0,12,4
5983,0,12,4
5997,0,12,4
6012,0,12,4
6027,0,12,4
6041,0,12,4
6055,0,12,4
6070,0,12,4
6085,0,12,4
6099,0,12,4
6114,0,12,4
6128,0,12,4
6144,0,13,3
6158,0,12,4
6172,0,12,4
6187,0,12,4
6201,0,13,3
6216,0,12,4
6231,0,12,4
6245,0,12,4
6259,0,12,4
6275,0,13,3
6289,0,12,4
6303,0,12,4
6318,0,12,4
6332,0,13,3
6347,0,12,4
6362,0,12,4
6376,0,12,4
6390,0,12,4
6405,0,12,4
6420,0,12,4
6434,0,11,5
6449,0,12,4
6463,0,12,4
6478,0,12,4
6493,0,12,4
6507,0,13,3
6521,0,12,4
6536,0,12,4
6551,0,12,4
6565,0,12,4
6580,0,12,4
6594,0,11,5
6609,0,12,4
6624,0,13,3
6638,0,12,4
6652,0,12,4
6667,0,12,4
6682,0,12,4
6696,0,12,4
6711,0,12,4
6725,0,12,4
6740,0,13,3
6755,0,12,4
6769,0,12,4
6784,0,12,4
6798,0,12,4
6813,0,12,4
6828,0,12,4
6842,0,12,4
6856,0,12,4
6871,0,13,3
6886,0,12,4
6900,0,12,4
6915,0,12,4
6929,0,12,4
6944,0,12,4
6959,0,12,4
6973,0,12,4
6987,0,12,4
7002,0,13,3
7017,0,13,3
7031,0,12,4
7046,0,12,4
7060,0,12,4
7075,0,12,4
7090,0,12,4
7103,0,0,16
7117,0,12,4
7132,0,13,3
7147,0,12,4
7161,0,12,4
7176,0,12,4
7190,0,12,4
7204,0,12,4
7220,0,12,4
7234,0,12,4
7248,0,12,4
7263,0,12,4
7278,0,12,4
7292,0,12,4
7307,0,12,4
7321,0,12,4
7335,0,12,4
7351,0,12,4
7365,0,12,4
7379,0,12,4
7394,0,12,4
7409,0,12,4
7424,0,12,4
7438,0,12,4
7452,0,12,4
7467,0,13,3
7482,0,12,4
7496,0,12,4
7511,0,12,4
7525,0,12,4
7539,0,12,4
7822,50,13,3
7824,50,14,2
7826,50,14,2
7828,50,14,2
7830,50,14,2
7834,50,12,4
7849,50,13,3
7865,50,12,4
7880,50,12,4
7897,50,12,4
7912,50,13,3
7927,50,13,3
7943,50,13,3
7959,50,13,3
7974,50,12,4
7990,50,13,3
8005,50,13,3
8022,50,13,3
8037,50,13,3
8052,50,13,3
8068,50,13,3
8084,50,13,3
8099,50,13,3
8115,50,13,3
8130,50,13,3
8146,50,13,3
8162,50,13,3
8177,50,13,3
8193,50,13,3
8208,50,13,3
8224,50,14,2
8240,50,13,3
8255,50,13,3
8270,50,13,3
8287,50,13,3
8302,50,13,3
8317,50,13,3
8333,50,13,3
8349,50,13,3
8365,50,12,4
8380,50,13,3
8395,50,13,3
8412,50,13,3
8427,50,13,3
8442,50,13,3
8458,50,13,3
8473,50,13,3
8489,50,13,3
8505,50,13,3
8520,50,13,3
8536,50,11,5
8552,50,13,3
8567,50,13,3
8583,50,13,3
8598,50,14,2
8614,50,14,2
8630,50,14,2
8645,50,14,2
8660,50,14,2
8677,50,14,2
8692,50,14,2
8708,50,14,2
8723,50,14,2
8738,50,14,2
8755,50,14,2
8770,50,14,2
8785,50,14,2
8801,50,14,2
8817,50,15,1
8833,50,14,2
8848,50,14,2
8863,50,15,1
8880,50,15,1
8895,50,15,1
8910,50,15,1
8926,50,15,1
8942,50,15,1
8957,50,15,1
8973,50,15,1
8988,50,15,1
9004,50,13,3
9020,50,13,3
9035,50,15,1
9051,50,15,1
9066,50,15,1
9082,50,15,1
9098,50,13,3
9113,50,13,3
9128,50,13,3
9145,50,13,3
9160,50,13,3
9176,50,13,3
9191,50,13,3
9206,50,13,3
9223,50,13,3
9238,50,13,3
9253,50,13,3
9269,50,13,3
9285,50,13,3
9300,50,13,3
9316,50,12,4
9331,50,13,3
9348,50,13,3
9363,50,13,3
9378,50,13,3
9394,50,13,3
9409,50,13,3
9425,50,13,3
9441,50,13,3
9456,50,13,3
9472,50,13,3
9488,50,13,3
9503,50,13,3
9519,50,13,3
9534,50,13,3
9550,50,13,3
9566,50,13,3
9581,50,13,3
9596,50,13,3
9613,50,13,3
9628,50,13,3
9644,50,13,3
9659,50,13,3
9674,50,12,4
9691,50,13,3
9706,50,13,3
9721,50,13,3
9737,50,13,3
9753,50,13,3
9768,50,13,3
9784,50,13,3
9799,50,13,3
9816,50,13,3
9831,50,13,3
9846,50,13,3
9862,50,13,3
9878,50,15,1
9893,50,15,1
9909,50,15,1
9924,50,13,3
9939,50,13,3
9956,50,15,1
9971,50,15,1
9987,50,15,1
10003,50,15,1
10019,50,13,3
10036,50,12,4
10052,50,13,3
10068,50,13,3
10086,50,13,3
10102,50,13,3
10119,50,13,3
10135,50,13,3
10152,50,13,3
10169,50,13,3
10185,50,13,3
10202,50,13,3
10219,50,13,3
10235,50,13,3
10252,50,13,3
10268,50,13,3
10286,50,13,3
10302,50,13,3
10318,50,13,3
10335,50,12,4
10352,50,13,3
10369,50,13,3
10385,50,13,3
10401,50,13,3
10419,50,13,3
10435,50,13,3
10451,50,13,3
10468,50,13,3
10485,50,13,3
10502,50,13,3
10518,50,13,3
10534,50,13,3
10552,50,13,3
10568,50,12,4
10585,50,13,3
10601,50,13,3
10618,50,13,3
10635,50,13,3
10651,50,13,3
10668,50,13,3
10685,50,12,4
10701,50,13,3
10718,50,13,3
10734,50,13,3
10752,50,13,3
10768,50,13,3
10784,50,13,3
10801,50,13,3
10818,50,13,3
10834,50,13,3
10851,50,13,3
10867,50,13,3
10885,50,13,3
10901,50,13,3
10917,50,13,3
10934,50,13,3
10951,50,13,3
10968,50,12,4
10984,50,13,3
11000,50,13,3
11018,50,13,3
11034,50,13,3
11051,50,13,3
11067,50,13,3
11084,50,13,3
11101,50,13,3
11117,50,13,3
11133,50,13,3
11151,50,13,3
11167,50,13,3
11184,50,13,3
11200,50,13,3
11217,50,13,3
11234,50,13,3
11250,50,14,2
11267,50,13,3
11284,50,13,3
11300,50,13,3
11317,50,13,3
11333,50,13,3
11351,50,13,3
11367,50,13,3
11383,50,13,3
11400,50,13,3
11417,50,13,3
11433,50,13,3
11450,50,14,2
11466,50,13,3
11484,50,13,3
11500,50,13,3
11516,50,13,3
11533,50,13,3
11550,50,13,3
11567,50,12,4
11583,50,13,3
11599,50,13,3
11617,50,13,3
11633,50,13,3
11650,50,13,3
11666,50,13,3
11683,50,13,3
11700,50,12,4
11716,50,13,3
11732,50,13,3
11750,50,13,3
11766,50,14,2
11783,50,13,3
11799,50,13,3
11816,50,13,3
11833,50,13,3
11849,50,12,4
11866,50,13,3
11883,50,13,3
11899,50,12,4
11916,50,12,4
11932,50,13,3
11950,50,12,4
11966,50,12,4
11982,50,12,4
11999,50,13,3
12016,50,11,5
12033,50,12,4
12049,50,12,4
12065,50,13,3
12083,50,12,4
12099,50,12,4
12115,50,12,4
12132,50,13,3
12149,50,12,4
12166,50,12,4
12182,50,12,4
12198,50,13,3
12216,50,12,4
12232,50,12,4
12249,50,12,4
12265,50,13,3
12282,50,12,4
12299,50,12,4
12315,50,12,4
12332,50,13,3
12349,50,12,4
12365,50,12,4
12382,50,12,4
12398,50,13,3
12416,50,13,3
12432,50,12,4
12448,50,12,4
12465,50,13,3
12482,50,13,3
12498,50,13,3
12515,50,13,3
12531,50,13,3
12549,50,13,3
12565,50,13,3
12581,50,13,3
12598,50,13,3
12615,50,13,3
12632,50,13,3
12648,50,13,3
12664,50,13,3
12682,50,13,3
12698,50,13,3
12715,50,13,3
12731,50,13,3
12748,50,13,3
12765,50,13,3
12781,50,13,3
12797,50,13,3
12815,50,14,2
12831,50,14,2
12848,50,14,2
12864,50,14,2
12881,50,14,2
12898,50,14,2
12914,50,14,2
12931,50,14,2
12948,50,14,2
12964,50,14,2
12981,50,14,2
12997,50,14,2
13015,50,14,2
13031,50,14,2
13047,50,14,2
13064,50,14,2
13081,50,14,2
13097,50,14,2
13114,50,14,2
13130,50,14,2
13148,50,14,2
13164,50,14,2
13180,50,14,2
13197,50,14,2
13214,50,14,2
13231,50,14,2
13247,50,14,2
13263,50,14,2
13281,50,14,2
13297,50,14,2
13314,50,14,2
13330,50,14,2
13347,50,14,2
13364,50,14,2
13380,50,13,3
13396,50,13,3
13414,50,13,3
13430,50,13,3
13447,50,13,3
13463,50,13,3
13480,50,13,3
13497,50,13,3
13513,50,13,3
13530,50,13,3
13547,50,13,3
13563,50,13,3
13580,50,13,3
13596,50,13,3
13614,50,13,3
13630,50,13,3
13646,50,13,3
13663,50,13,3
13680,50,13,3
13697,50,13,3
13713,50,13,3
13729,50,13,3
13747,50,13,3
13763,50,13,3
13779,50,13,3
13796,50,13,3
13813,50,13,3
13830,50,13,3
13846,50,12,4
13862,50,13,3
13880,50,12,4
13896,50,12,4
13913,50,12,4
13929,50,13,3
13946,50,12,4
13963,50,12,4
13979,50,12,4
13996,50,12,4
14013,50,12,4
14029,50,12,4
14046,50,12,4
14062,50,12,4
14080,50,12,4
14096,50,12,4
14112,50,12,4
14129,50,13,3
14146,50,12,4
14162,50,12,4
14179,50,12,4
14195,50,13,3
14213,50,12,4
14229,50,12,4
14245,50,12,4
14262,50,13,3
14279,50,12,4
14296,50,12,4
14312,50,13,3
14328,50,13,3
14346,50,13,3
14362,50,13,3
14379,50,13,3
14395,50,13,3
14412,50,13,3
14429,50,13,3
14445,50,13,3
14461,50,13,3
14479,50,13,3
14495,50,13,3
14512,50,13,3
14528,50,13,3
14545,50,13,3
14562,50,13,3
14578,50,13,3
14595,50,13,3
14612,50,13,3
14628,50,13,3
14645,50,13,3
14661,50,13,3
14679,50,13,3
14695,50,13,3
14711,50,13,3
14728,50,13,3
14745,50,13,3
14761,50,13,3
14778,50,13,3
14794,50,13,3
14812,50,13,3
14828,50,13,3
14844,50,13,3
14861,50,13,3
14878,50,13,3
14895,50,13,3
14911,50,13,3
14927,50,13,3
14945,50,13,3
14961,50,13,3
14978,50,13,3
14994,50,13,3
15011,50,13,3
15028,50,13,3
15044,50,13,3
15060,50,13,3
15078,50,13,3
15094,50,14,2
15111,50,14,2
15127,50,14,2
15144,50,14,2
15161,50,14,2
15177,50,13,3
15194,50,14,2
15211,50,14,2
15227,50,14,2
15244,50,14,2
15260,50,14,2
15278,50,13,3
15294,50,14,2
15310,50,14,2
15327,50,14,2
15344,50,14,2
15361,50,14,2
15377,50,14,2
15393,50,14,2
15411,50,14,2
15427,50,14,2
15443,50,14,2
15460,50,14,2
15477,50,13,3
15494,50,14,2
15510,50,14,2
15526,50,14,2
15544,50,14,2
15560,50,14,2
15577,50,13,3
15593,50,14,2
15610,50,14,2
15627,50,14,2
15643,50,14,2
15660,50,14,2
15677,50,13,3
15693,50,14,2
15710,50,14,2
15726,50,14,2
15744,50,14,2
15760,50,14,2
15776,50,13,3
15793,50,14,2
15810,50,14,2
15826,50,14,2
15843,50,14,2
15859,50,14,2
15877,50,13,3
15893,50,14,2
15909,50,14,2
15926,50,14,2
15943,50,14,2
15960,50,14,2
15976,50,14,2
15992,50,14,2
16010,50,14,2
16026,50,14,2
16043,50,14,2
16059,50,14,2
16076,50,14,2
16093,50,14,2
16109,50,14,2
16125,50,14,2
16143,50,14,2
16159,50,14,2
16176,50,14,2
16192,50,14,2
16209,50,14,2
16226,50,14,2
16242,50,14,2
16259,50,14,2
16276,50,14,2
16292,50,14,2
16309,50,14,2
16325,50,14,2
16343,50,14,2
16359,50,14,2
16375,50,14,2
16392,50,13,3
16409,50,13,3
16425,50,13,3
16442,50,13,3
16458,50,13,3
16476,50,13,3
16492,50,13,3
16508,50,13,3
16525,50,13,3
16542,50,13,3
16559,50,12,4
16575,50,12,4
16591,50,13,3
16609,50,12,4
16625,50,12,4
16642,50,12,4
16658,50,13,3
16675,50,12,4
16692,50,12,4
16708,50,12,4
16724,50,13,3
16742,50,13,3
16758,50,13,3
16775,50,13,3
16791,50,13,3
16808,50,13,3
16825,50,13,3
16841,50,13,3
16858,50,13,3
16875,50,13,3
16891,50,13,3
16908,50,13,3
16924,50,13,3
16942,50,13,3
16958,50,13,3
16974,50,13,3
16991,50,13,3
17008,50,13,3
17025,50,13,3
17041,50,13,3
17057,50,13,3
17075,50,13,3
17091,50,13,3
17107,50,13,3
17124,50,13,3
17141,50,13,3
17158,50,13,3
17174,50,13,3
17190,50,13,3
17208,50,13,3
17224,50,13,3
17241,50,13,3
17257,50,13,3
17274,50,13,3
17291,50,13,3
17307,50,13,3
17324,50,13,3
17341,50,13,3
17357,50,13,3
17374,50,13,3
17390,50,13,3
17408,50,14,2
17424,50,14,2
17440,50,14,2
17457,50,13,3
17474,50,14,2
17490,50,14,2
17507,50,14,2
17523,50,14,2
17541,50,14,2
17557,50,13,3
17573,50,14,2
17590,50,14,2
17607,50,14,2
17624,50,14,2
17640,50,14,2
17656,50,13,3
17674,50,14,2
17690,50,14,2
17707,50,14,2
17723,50,14,2
17740,50,14,2
17757,50,14,2
17773,50,14,2
17789,50,14,2
17807,50,14,2
17823,50,14,2
17840,50,14,2
17856,50,14,2
17873,50,14,2
17890,50,14,2
17906,50,14,2
17923,50,14,2
17940,50,14,2
17956,50,14,2
17973,50,14,2
17989,50,14,2
18007,50,14,2
18023,50,14,2
18039,50,14,2
18056,50,14,2
18073,50,14,2
18089,50,14,2
18106,50,14,2
18122,50,14,2
18140,50,14,2
18156,50,14,2
18172,50,14,2
18189,50,14,2
18206,50,14,2
18223,50,14,2
18239,50,14,2
18255,50,14,2
18273,50,14,2
18289,50,14,2
18306,50,14,2
18322,50,14,2
18339,50,14,2
18356,50,14,2
18372,50,14,2
18388,50,14,2
18406,50,14,2
18422,50,14,2
18439,50,14,2
18455,50,14,2
18472,50,14,2
18489,50,14,2
18505,50,14,2
18522,50,14,2
18539,50,14,2
18555,50,14,2
18572,50,14,2
18588,50,14,2
18606,50,14,2
18622,50,14,2
18638,50,14,2
18655,50,14,2
18672,50,13,3
18689,50,13,3
18705,50,13,3
18721,50,14,2
18739,50,13,3
18755,50,13,3
18771,50,14,2
18788,50,14,2
18805,50,13,3
18822,50,14,2
18838,50,13,3
18854,50,14,2
18872,50,13,3
18888,50,14,2
18905,50,14,2
18921,50,14,2
18938,50,14,2
18955,50,13,3
18971,50,14,2
18988,50,14,2
19005,50,13,3
19021,50,13,3
19038,50,13,3
19054,50,14,2
19072,50,13,3
19088,50,13,3
19104,50,13,3
19121,50,14,2
19138,50,13,3
19154,50,13,3
19171,50,13,3
19187,50,14,2
19205,50,13,3
19221,50,13,3
19237,50,13,3
19254,50,14,2
19271,50,13,3
19288,50,13,3
19304,50,13,3
19320,50,13,3
19338,50,13,3
19354,50,13,3
19371,50,13,3
19387,50,13,3
19404,50,13,3
19421,50,13,3
19437,50,13,3
19453,50,13,3
19471,50,13,3
19487,50,13,3
19504,50,13,3
19520,50,13,3
19537,50,13,3
19554,50,13,3
19570,50,13,3
19587,50,13,3
19604,50,13,3
19620,50,13,3
19637,50,13,3
19653,50,13,3
19671,50,13,3
19687,50,13,3
19703,50,13,3
19720,50,12,4
19737,50,12,4
19753,50,12,4
19770,50,12,4
19786,50,12,4
19804,50,12,4
19820,50,12,4
19836,50,12,4
19853,50,12,4
19870,50,12,4
19887,50,12,4
19903,50,12,4
19919,50,12,4
19937,50,12,4
19953,50,12,4
19970,50,12,4
19986,50,12,4
20003,50,12,4
20020,50,12,4
20036,50,12,4
20052,50,12,4
20070,50,12,4
20086,50,12,4
20103,50,12,4
20119,50,12,4
20136,50,12,4
20153,50,12,4
20169,50,12,4
20186,50,12,4
20203,50,12,4
20219,50,12,4
20236,50,12,4
20252,50,12,4
20270,50,12,4
20286,50,12,4
20302,50,12,4
20319,50,12,4
20336,50,12,4
20353,50,12,4
20369,50,12,4
20385,50,12,4
20403,50,12,4
20419,50,12,4
20435,50,12,4
20452,50,12,4
20469,50,12,4
20486,50,12,4
20502,50,12,4
20518,50,12,4
20536,50,12,4
20552,50,12,4
20569,50,12,4
20585,50,12,4
20602,50,12,4
20619,50,12,4
20635,50,12,4
20652,50,12,4
20669,50,12,4
20685,50,12,4
20702,50,12,4
20718,50,12,4
20736,50,12,4
20752,50,12,4
20768,50,12,4
20785,50,12,4
20802,50,12,4
20818,50,12,4
20835,50,12,4
20851,50,12,4
20869,50,12,4
20885,50,12,4
20901,50,12,4
20918,50,12,4
20935,50,12,4
20952,50,12,4
20968,50,12,4
20984,50,12,4
21002,50,12,4
21018,50,12,4
21035,50,12,4
21051,50,12,4
21068,50,12,4
21085,50,12,4
21101,50,12,4
21117,50,12,4
21135,50,12,4
21151,50,12,4
21168,50,12,4
21184,50,12,4
21201,50,12,4
21218,50,12,4
21234,50,12,4
21251,50,12,4
21268,50,12,4
21284,50,12,4
21301,50,12,4
21317,50,12,4
21335,50,12,4
21351,50,12,4
21367,50,12,4
21384,50,12,4
21401,50,12,4
21417,50,12,4
21434,50,12,4
21450,50,12,4
21468,50,12,4
21484,50,12,4
21500,50,12,4
21517,50,12,4
21534,50,12,4
21551,50,12,4
21567,50,12,4
21583,50,12,4
21601,50,12,4
21617,50,12,4
21634,50,12,4
21650,50,12,4
21667,50,12,4
21684,50,12,4
21700,50,12,4
21716,50,12,4
21734,50,12,4
21750,50,12,4
21767,50,12,4
21783,50,12,4
21800,50,12,4
21817,50,12,4
21833,50,12,4
21850,50,12,4
21867,50,12,4
21883,50,12,4
21900,50,12,4
21916,50,12,4
21934,50,12,4
21950,50,12,4
21966,50,12,4
21983,50,12,4
22000,50,12,4
22017,50,12,4
22033,50,12,4
22049,50,12,4
22067,50,12,4
22083,50,12,4
22099,50,11,5
22116,50,12,4
22133,50,12,4
22150,50,12,4
22166,50,12,4
22182,50,12,4
22200,50,11,5
22216,50,12,4
22233,50,12,4
22249,50,11,5
22266,50,12,4
22283,50,12,4
22299,50,12,4
22316,50,12,4
22333,50,12,4
22349,50,12,4
22366,50,12,4
22382,50,12,4
22400,50,12,4
22416,50,12,4
22432,50,12,4
22449,50,12,4
22466,50,12,4
22482,50,12,4
22499,50,12,4
22515,50,12,4
22533,50,12,4
22549,50,12,4
22565,50,12,4
22582,50,12,4
22599,50,11,5
22616,50,12,4
22632,50,12,4
22648,50,12,4
22666,50,12,4
22682,50,12,4
22699,50,11,5
22715,50,12,4
22732,50,12,4
22749,50,12,4
22765,50,12,4
22781,50,12,4
22799,50,11,5
22815,50,12,4
22832,50,12,4
22848,50,12,4
22865,50,12,4
22882,50,12,4
22898,50,12,4
22915,50,12,4
22932,50,12,4
22948,50,12,4
22965,50,12,4
22981,50,12,4
22999,50,12,4
23015,50,12,4
23031,50,12,4
23048,50,12,4
23065,50,12,4
23081,50,12,4
23098,50,12,4
23114,50,12,4
23132,50,12,4
23148,50,12,4
23164,50,12,4
23181,50,12,4
23198,50,12,4
23215,50,12,4
23231,50,12,4
23247,50,12,4
23265,50,12,4
23281,50,12,4
23298,50,12,4
23314,50,12,4
23331,50,12,4
23348,50,12,4
23364,50,12,4
23380,50,12,4
23398,50,12,4
23414,50,12,4
23431,50,12,4
23447,50,12,4
23464,50,12,4
23481,50,12,4
23497,50,12,4
23514,50,12,4
23531,50,12,4
23547,50,12,4
23564,50,12,4
23580,50,12,4
23598,50,12,4
23614,50,12,4
23630,50,12,4
23647,50,12,4
23664,50,12,4
23681,50,12,4
23697,50,12,4
23713,50,12,4
23731,50,12,4
23747,50,12,4
23763,50,12,4
23780,50,11,5
23797,50,12,4
23814,50,12,4
23830,50,12,4
23846,50,12,4
23864,50,12,4
23880,50,11,5
23897,50,12,4
23913,50,12,4
23930,50,12,4
23947,50,12,4
23963,50,12,4
23980,50,11,5
23997,50,12,4
24013,50,12,4
24030,50,12,4
24046,50,12,4
24064,50,12,4
24080,50,12,4
24096,50,12,4
24113,50,12,4
24130,50,12,4
24146,50,12,4
24163,50,12,4
24179,50,12,4
24197,50,12,4
24213,50,12,4
24229,50,12,4
24246,50,12,4
24263,50,12,4
24280,50,12,4
24296,50,12,4
24312,50,12,4
24330,50,12,4
24346,50,12,4
24363,50,12,4
24379,50,12,4
24396,50,12,4
24413,50,12,4
24429,50,12,4
24445,50,12,4
24463,50,12,4
24479,50,12,4
24496,50,12,4
24512,50,12,4
24529,50,12,4
24546,50,12,4
24562,50,12,4
24579,50,12,4
24596,50,12,4
24612,50,12,4
24629,50,12,4
24645,50,12,4
24663,50,12,4
24679,50,12,4
24695,50,12,4
24712,50,12,4
24729,50,12,4
24745,50,12,4
24762,50,12,4
24778,50,12,4
24796,50,12,4
24812,50,12,4
24828,50,12,4
24845,50,12,4
24862,50,12,4
24879,50,12,4
24895,50,12,4
24911,50,13,3
24929,50,12,4
24945,50,12,4
24962,50,12,4
24978,50,12,4
24995,50,12,4
25012,50,12,4
25028,50,12,4
25044,50,12,4
25062,50,12,4
25078,50,12,4
25095,50,12,4
25111,50,13,3
25128,50,12,4
25145,50,12,4
25161,50,12,4
25178,50,13,3
25195,50,12,4
25211,50,12,4
25228,50,12,4
25244,50,13,3
25262,50,12,4
25278,50,12,4
25294,50,12,4
25311,50,13,3
25328,50,12,4
25345,50,12,4
25361,50,12,4
25377,50,13,3
25395,50,12,4
25411,50,13,3
25427,50,12,4
25444,50,13,3
25461,50,12,4
25478,50,13,3
25494,50,13,3
25510,50,13,3
25528,50,12,4
25544,50,13,3
25561,50,12,4
25577,50,13,3
25594,50,13,3
25611,50,13,3
25627,50,12,4
25644,50,13,3
25661,50,12,4
25677,50,13,3
25694,50,13,3
25710,50,13,3
25728,50,13,3
25744,50,13,3
25760,50,12,4
25777,50,13,3
25794,50,13,3
25810,50,13,3
25827,50,13,3
25843,50,13,3
25861,50,12,4
25877,50,13,3
25893,50,13,3
25910,50,13,3
25927,50,13,3
25944,50,13,3
25960,50,13,3
25976,50,13,3
25994,50,13,3
26010,50,13,3
26027,50,13,3
26043,50,13,3
26060,50,13,3
26077,50,13,3
26093,50,13,3
26109,50,13,3
26127,50,13,3
26143,50,13,3
26160,50,12,4
26176,50,13,3
26193,50,13,3
26210,50,13,3
26226,50,13,3
26243,50,13,3
26260,50,12,4
26276,50,13,3
26293,50,13,3
26309,50,13,3
26327,50,13,3
26343,50,13,3
26359,50,13,3
26376,50,13,3
26393,50,13,3
26409,50,13,3
26426,50,13,3
26442,50,13,3
26460,50,13,3
26476,50,13,3
26492,50,13,3
26509,50,13,3
26526,50,13,3
26543,50,13,3
26559,50,13,3
26575,50,13,3
26593,50,13,3
26609,50,13,3
26626,50,13,3
26642,50,13,3
26659,50,13,3
26676,50,13,3
26692,50,13,3
26708,50,13,3
26726,50,13,3
26742,50,13,3
26759,50,13,3
26775,50,13,3
26792,50,13,3
26809,50,13,3
26825,50,13,3
26842,50,13,3
26859,50,13,3
26875,50,13,3
26892,50,13,3
26908,50,13,3
26926,50,13,3
26942,50,13,3
26958,50,13,3
26975,50,13,3
26992,50,13,3
27009,50,13,3
27025,50,13,3
27041,50,13,3
27059,50,13,3
27075,50,13,3
27091,50,13,3
27108,50,13,3
27125,50,13,3
27142,50,13,3
27158,50,13,3
27174,50,13,3
27192,50,14,2
27208,50,13,3
27225,50,14,2
27241,50,13,3
27258,50,14,2
27275,50,14,2
27291,50,14,2
27308,50,14,2
27325,50,14,2
27341,50,13,3
27358,50,13,3
27374,50,13,3
27392,50,14,2
27408,50,13,3
27424,50,13,3
27441,50,13,3
27458,50,14,2
27474,50,13,3
27491,50,13,3
27507,50,13,3
27525,50,13,3
27541,50,13,3
27557,50,13,3
27574,50,13,3
27591,50,13,3
27608,50,13,3
27624,50,13,3
27640,50,13,3
27658,50,13,3
27674,50,13,3
27691,50,13,3
27707,50,13,3
27724,50,14,2
27741,50,13,3
27757,50,14,2
27773,50,14,2
27791,50,13,3
27807,50,14,2
27824,50,14,2
27840,50,13,3
27857,50,14,2
27874,50,14,2
27890,50,14,2
27907,50,14,2
27924,50,13,3
27940,50,13,3
27957,50,13,3
27973,50,13,3
27991,50,13,3
28007,50,13,3
28023,50,13,3
28040,50,13,3
28057,50,13,3
28073,50,13,3
28090,50,13,3
28106,50,13,3
28124,50,13,3
28140,50,13,3
28156,50,13,3
28173,50,13,3
28190,50,13,3
28207,50,13,3
28223,50,13,3
28239,50,13,3
28257,50,13,3
28273,50,13,3
28290,50,13,3
28306,50,13,3
28323,50,13,3
28340,50,13,3
28356,50,13,3
28372,50,13,3
28390,50,13,3
28406,50,13,3
28423,50,13,3
28439,50,13,3
28456,50,13,3
28473,50,13,3
28489,50,13,3
28506,50,13,3
28523,50,13,3
28539,50,13,3
28556,50,13,3
28572,50,13,3
28590,50,13,3
28606,50,13,3
28622,50,13,3
28639,50,13,3
28656,50,13,3
28673,50,13,3
28689,50,13,3
28705,50,13,3
28723,50,13,3
28739,50,13,3
28755,50,13,3
28772,50,13,3
28789,50,13,3
28806,50,13,3
28822,50,13,3
28838,50,13,3
28856,50,13,3
28872,50,13,3
28889,50,13,3
28905,50,13,3
28922,50,13,3
28939,50,13,3
28955,50,13,3
28972,50,13,3
28989,50,13,3
29005,50,12,4
29022,50,13,3
29038,50,13,3
29056,50,13,3
29072,50,12,4
29088,50,13,3
29105,50,13,3
29122,50,12,4
29138,50,13,3
29155,50,12,4
29171,50,12,4
29189,50,12,4
29205,50,13,3
29221,50,12,4
29238,50,12,4
29255,50,12,4
29272,50,13,3
29288,50,13,3
29304,50,13,3
29322,50,12,4
29338,50,12,4
29355,50,13,3
29371,50,12,4
29388,50,13,3
29405,50,12,4
29421,50,12,4
29437,50,12,4
29455,50,12,4
29471,50,12,4
29488,50,12,4
29504,50,12,4
29521,50,12,4
29538,50,12,4
29554,50,12,4
29571,50,12,4
29588,50,12,4
29604,50,12,4
29621,50,12,4
29637,50,12,4
29655,50,12,4
29671,50,12,4
29687,50,12,4
29704,50,12,4
29721,50,11,5
29737,50,12,4
29754,50,12,4
29770,50,12,4
29788,50,12,4
29804,50,12,4
29820,50,11,5
29837,50,12,4
29854,50,12,4
29871,50,12,4
29887,50,12,4
29903,50,12,4
29921,50,11,5
29937,50,12,4
29954,50,12,4
29970,50,12,4
29987,50,12,4
30004,50,12,4
30020,50,11,5
30036,50,12,4
30054,50,12,4
30070,50,12,4
30087,50,12,4
30103,50,12,4
30120,50,12,4
30137,50,12,4
30153,50,12,4
30170,50,12,4
30187,50,12,4
30203,50,12,4
30220,50,12,4
30236,50,12,4
30254,50,12,4
30270,50,12,4
30286,50,12,4
30303,50,12,4
30320,50,12,4
30337,50,12,4
30353,50,12,4
30369,50,12,4
30387,50,12,4
30403,50,12,4
30419,50,12,4
30436,50,12,4
30453,50,12,4
30470,50,12,4
30486,50,12,4
30502,50,12,4
30520,50,12,4
30536,50,12,4
30553,50,12,4
30569,50,12,4
30586,50,12,4
30603,50,12,4
30619,50,12,4
30636,50,12,4
30653,50,12,4
30669,50,12,4
30686,50,12,4
30702,50,12,4
30720,50,12,4
30736,50,12,4
30752,50,12,4
30769,50,12,4
30786,50,12,4
30802,50,12,4
30819,50,12,4
30835,50,12,4
30853,50,12,4
30869,50,12,4
30885,50,12,4
30902,50,11,5
30919,50,12,4
30936,50,12,4
30952,50,12,4
30968,50,12,4
30986,50,12,4
31002,50,11,5
31019,50,12,4
31035,50,12,4
31052,50,11,5
31069,50,12,4
31085,50,12,4
31101,50,11,5
31119,50,12,4
31135,50,12,4
31152,50,12,4
31168,50,12,4
31185,50,12,4
31202,50,11,5
31218,50,12,4
31235,50,12,4
31252,50,12,4
31268,50,12,4
31285,50,12,4
31301,50,12,4
31319,50,12,4
31335,50,12,4
31351,50,12,4
31368,50,12,4
31385,50,12,4
31401,50,12,4
31418,50,12,4
31434,50,12,4
31452,50,12,4
31468,50,12,4
31484,50,12,4
31501,50,11,5
31518,50,12,4
31535,50,12,4
31551,50,12,4
31567,50,12,4
31585,50,12,4
31601,50,11,5
31618,50,12,4
31634,50,12,4
31651,50,12,4
31668,50,12,4
31684,50,12,4
31700,50,11,5
31718,50,12,4
31734,50,12,4
31751,50,12,4
31767,50,12,4
31784,50,12,4
31801,50,11,5
31817,50,11,5
31834,50,12,4
31851,50,12,4
31867,50,12,4
31884,50,12,4
31900,50,12,4
31918,50,12,4
31934,50,11,5
31950,50,12,4
31967,50,12,4
31984,50,12,4
32001,50,12,4
32017,50,12,4
32033,50,12,4
32051,50,12,4
32067,50,12,4
32083,50,12,4
32100,50,12,4
32117,50,12,4
32134,50,11,5
32150,50,11,5
32166,50,11,5
32184,50,12,4
32200,50,12,4
32217,50,12,4
32233,50,12,4
32250,50,12,4
32267,50,11,5
32283,50,11,5
32300,50,11,5
32317,50,11,5
32333,50,11,5
32350,50,12,4
32366,50,11,5
32384,50,12,4
32400,50,11,5
32416,50,11,5
32433,50,11,5
32450,50,12,4
32466,50,12,4
32483,50,12,4
32499,50,12,4
32517,50,12,4
32533,50,11,5
32549,50,12,4
32566,50,12,4
32583,50,11,5
32600,50,11,5
32616,50,12,4
32632,50,11,5
32650,50,11,5
32666,50,12,4
32683,50,11,5
32699,50,11,5
32716,50,12,4
32733,50,12,4
32749,50,11,5
32765,50,12,4
32783,50,11,5
32799,50,11,5
32816,50,11,5
32832,50,12,4
32849,50,11,5
32866,50,12,4
32882,50,11,5
32899,50,12,4
32916,50,12,4
32932,50,11,5
32949,50,12,4
32965,50,12,4
32983,50,11,5
32999,50,11,5
33015,50,12,4
33032,50,12,4
33049,50,12,4
33065,50,12,4
33082,50,12,4
33098,50,11,5
33116,50,12,4
33132,50,12,4
33148,50,12,4
33165,50,12,4
33182,50,12,4
33199,50,12,4
33215,50,12,4
33231,50,12,4
33249,50,12,4
33265,50,12,4
33282,50,11,5
33298,50,12,4
33315,50,12,4
33332,50,12,4
33348,50,12,4
33364,50,12,4
33382,50,11,5
33398,50,12,4
33415,50,12,4
33431,50,12,4
33448,50,12,4
33465,50,12,4
33481,50,11,5
33498,50,12,4
33515,50,12,4
33531,50,12,4
33548,50,12,4
33564,50,12,4
33582,50,11,5
33598,50,12,4
33614,50,12,4
33631,50,12,4
33648,50,12,4
33665,50,12,4
33681,50,12,4
33697,50,12,4
33715,50,12,4
33731,50,12,4
33747,50,12,4
33764,50,12,4
33781,50,12,4
33798,50,12,4
33814,50,12,4
33830,50,12,4
33848,50,12,4
33864,50,12,4
33881,50,12,4
33897,50,12,4
33914,50,12,4
33931,50,12,4
33947,50,12,4
33964,50,12,4
33981,50,12,4
33997,50,12,4
34014,50,12,4
34030,50,12,4
34048,50,12,4
34064,50,12,4
34080,50,12,4
34097,50,12,4
34114,50,12,4
34130,50,12,4
34147,50,12,4
34163,50,12,4
34181,50,12,4
34197,50,12,4
34213,50,12,4
34230,50,12,4
34247,50,12,4
34264,50,12,4
34280,50,12,4
34296,50,12,4
34314,50,12,4
34330,50,12,4
34347,50,12,4
34363,50,12,4
34380,50,12,4
34397,50,12,4
34413,50,12,4
34429,50,11,5
34447,50,12,4
34463,50,11,5
34480,50,12,4
34496,50,12,4
34513,50,12,4
34530,50,12,4
34546,50,12,4
34563,50,11,5
34580,50,12,4
34596,50,12,4
34613,50,12,4
34629,50,12,4
34647,50,12,4
34663,50,11,5
34679,50,12,4
34696,50,12,4
34713,50,12,4
34729,50,12,4
34746,50,12,4
34762,50,11,5
34780,50,12,4
34796,50,12,4
34812,50,12,4
34829,50,12,4
34846,50,12,4
34863,50,12,4
34879,50,12,4
34895,50,12,4
34913,50,12,4
34929,50,12,4
34946,50,12,4
34962,50,12,4
34979,50,12,4
34996,50,12,4
35012,50,12,4
35028,50,12,4
35046,50,12,4
35062,50,12,4
35079,50,12,4
35095,50,12,4
35112,50,12,4
35129,50,12,4
35145,50,12,4
35162,50,12,4
35179,50,12,4
35195,50,12,4
35212,50,12,4
35228,50,12,4
35246,50,12,4
35262,50,12,4
35278,50,12,4
35295,50,13,3
35312,50,12,4
35329,50,12,4
35345,50,12,4
35361,50,12,4
35379,50,12,4
35395,50,12,4
35411,50,12,4
35428,50,13,3
35445,50,12,4
35462,50,12,4
35478,50,12,4
35494,50,13,3
35512,50,12,4
35528,50,12,4
35545,50,12,4
35561,50,13,3
35578,50,12,4
35595,50,12,4
35611,50,12,4
35628,50,13,3
35645,50,12,4
35661,50,12,4
35678,50,12,4
35694,50,13,3
35712,50,12,4
35728,50,12,4
35744,50,12,4
35761,50,13,3
35778,50,12,4
35794,50,12,4
35811,50,12,4
35827,50,13,3
35845,50,12,4
35861,50,12,4
35877,50,12,4
35894,50,13,3
35911,50,12,4
35928,50,12,4
35944,50,12,4
35960,50,13,3
35978,50,12,4
35994,50,12,4
36011,50,12,4
36027,50,13,3
36044,50,12,4
36061,50,12,4
36077,50,12,4
36093,50,13,3
36111,50,12,4
36127,50,12,4
36144,50,12,4
36160,50,13,3
36177,50,12,4
36194,50,12,4
36210,50,12,4
36227,50,13,3
36244,50,12,4
36260,50,12,4
36277,50,12,4
36293,50,13,3
36311,50,12,4
36327,50,12,4
36343,50,12,4
36360,50,13,3
36377,50,12,4
36393,50,13,3
36410,50,13,3
36426,50,13,3
36444,50,12,4
36460,50,13,3
36476,50,13,3
36493,50,13,3
36510,50,13,3
36527,50,13,3
36543,50,12,4
36559,50,13,3
36577,50,13,3
36593,50,13,3
36610,50,13,3
36626,50,13,3
36643,50,13,3
36660,50,13,3
36676,50,13,3
36692,50,13,3
36710,50,13,3
36726,50,13,3
36743,50,12,4
36759,50,13,3
36776,50,13,3
36793,50,13,3
36809,50,13,3
36826,50,13,3
36843,50,12,4
36859,50,13,3
36876,50,13,3
36892,50,13,3
36910,50,13,3
36926,50,13,3
36942,50,12,4
36959,50,13,3
36976,50,13,3
36993,50,13,3
37009,50,13,3
37025,50,13,3
37043,50,12,4
37059,50,13,3
37075,50,13,3
37092,50,13,3
37109,50,13,3
37126,50,13,3
37142,50,12,4
37158,50,13,3
37176,50,13,3
37192,50,13,3
37209,50,13,3
37225,50,13,3
37242,50,13,3
37259,50,13,3
37275,50,13,3
37292,50,13,3
37309,50,13,3
37325,50,13,3
37342,50,13,3
37358,50,13,3
37376,50,13,3
37392,50,13,3
37408,50,13,3
37425,50,13,3
37442,50,13,3
37458,50,13,3
37475,50,13,3
37491,50,13,3
37509,50,13,3
37525,50,13,3
37541,50,13,3
37558,50,13,3
37575,50,13,3
37592,50,13,3
37608,50,13,3
37624,50,13,3
37642,50,13,3
37658,50,13,3
37675,50,13,3
37691,50,13,3
37708,50,13,3
37725,50,13,3
37741,50,13,3
37757,50,13,3
37775,50,13,3
37791,50,13,3
37808,50,13,3
37824,50,13,3
37841,50,13,3
37858,50,13,3
37874,50,13,3
37891,50,13,3
37908,50,13,3
37924,50,13,3
37941,50,13,3
37957,50,13,3
37975,50,13,3
37991,50,13,3
38007,50,13,3
38024,50,12,4
38041,50,13,3
38057,50,13,3
38074,50,13,3
38090,50,13,3
38108,50,13,3
38124,50,13,3
38140,50,13,3
38157,50,13,3
38174,50,13,3
38191,50,13,3
38207,50,13,3
38223,50,13,3
38241,50,13,3
38257,50,13,3
38274,50,13,3
38290,50,13,3
38307,50,13,3
38324,50,12,4
38340,50,13,3
38356,50,13,3
38374,50,13,3
38390,50,13,3
38407,50,13,3
38423,50,13,3
38440,50,13,3
38457,50,13,3
38473,50,13,3
38490,50,13,3
38507,50,13,3
38523,50,12,4
38540,50,13,3
38556,50,13,3
38574,50,13,3
38590,50,13,3
38606,50,13,3
38623,50,12,4
38640,50,13,3
38657,50,13,3
38673,50,13,3
38689,50,13,3
38707,50,13,3
38723,50,12,4
38739,50,13,3
38756,50,13,3
38773,50,13,3
38790,50,13,3
38806,50,13,3
38822,50,12,4
38840,50,13,3
38856,50,13,3
38873,50,13,3
38889,50,13,3
38906,50,13,3
38923,50,12,4
38939,50,13,3
38956,50,13,3
38973,50,13,3
38989,50,13,3
39006,50,13,3
39022,50,13,3
39040,50,13,3
39056,50,13,3
39072,50,13,3
39089,50,13,3
39106,50,13,3
39122,50,13,3
39139,50,13,3
39155,50,12,4
39173,50,12,4
39189,50,13,3
39205,50,13,3
39222,50,13,3
39239,50,12,4
39256,50,12,4
39272,50,12,4
39288,50,12,4
39306,50,12,4
39322,50,12,4
39339,50,12,4
39355,50,12,4
39372,50,12,4
39389,50,12,4
39405,50,12,4
39421,50,12,4
39439,50,12,4
39455,50,12,4
39472,50,12,4
39488,50,12,4
39505,50,12,4
39522,50,12,4
39538,50,12,4
39555,50,12,4
39572,50,12,4
39588,50,12,4
39605,50,12,4
39621,50,12,4
39639,50,12,4
39655,50,12,4
39671,50,12,4
39688,50,12,4
39705,50,12,4
39721,50,12,4
39738,50,12,4
39754,50,12,4
39772,50,12,4
39788,50,12,4
39804,50,12,4
39821,50,12,4
39838,50,12,4
39855,50,12,4
39871,50,12,4
39887,50,12,4
39905,50,11,5
39921,50,12,4
39938,50,12,4
39954,50,12,4
39971,50,12,4
39988,50,12,4
40004,50,11,5
40020,50,12,4
40038,50,12,4
40054,50,12,4
40071,50,12,4
40087,50,12,4
40104,50,12,4
40121,50,12,4
40137,50,12,4
40154,50,12,4
40171,50,12,4
40187,50,12,4
40204,50,12,4
40220,50,12,4
40238,50,12,4
40254,50,12,4
40270,50,12,4
40287,50,12,4
40304,50,11,5
40321,50,12,4
40337,50,12,4
40353,50,12,4
40371,50,12,4
40387,50,12,4
40403,50,11,5
40420,50,12,4
40437,50,12,4
40454,50,12,4
40470,50,12,4
40486,50,12,4
40504,50,11,5
40520,50,12,4
40537,50,12,4
40553,50,12,4
40570,50,12,4
40587,50,12,4
40603,50,11,5
40620,50,11,5
40637,50,11,5
40653,50,11,5
40670,50,11,5
40686,50,11,5
40704,50,11,5
40720,50,11,5
40736,50,11,5
40753,50,11,5
40770,50,11,5
40786,50,11,5
40803,50,11,5
40819,50,11,5
40837,50,11,5
40853,50,11,5
40869,50,11,5
40886,50,11,5
40903,50,11,5
40920,50,11,5
40936,50,11,5
40952,50,11,5
40970,50,11,5
40986,50,11,5
41003,50,11,5
41019,50,11,5
41036,50,11,5
41053,50,11,5
41069,50,11,5
41085,50,11,5
41103,50,11,5
41119,50,11,5
41136,50,11,5
41152,50,11,5
41169,50,11,5
41186,50,12,4
41202,50,11,5
41219,50,11,5
41236,50,11,5
41252,50,11,5
41269,50,11,5
41285,50,11,5
41303,50,11,5
41319,50,11,5
41335,50,11,5
41352,50,11,5
41369,50,11,5
41385,50,11,5
41402,50,11,5
41418,50,11,5
41436,50,11,5
41452,50,11,5
41468,50,11,5
41485,50,11,5
41502,50,11,5
41519,50,11,5
41535,50,11,5
41551,50,11,5
41569,50,12,4
41585,50,11,5
41602,50,11,5
41618,50,11,5
41635,50,11,5
41652,50,11,5
41668,50,11,5
41684,50,11,5
41702,50,11,5
41718,50,11,5
41735,50,11,5
41751,50,12,4
41768,50,11,5
41785,50,11,5
41801,50,11,5
41818,50,11,5
41835,50,11,5
41851,50,11,5
41868,50,11,5
41884,50,11,5
41902,50,11,5
41918,50,11,5
41934,50,11,5
41951,50,11,5
41968,50,11,5
41985,50,11,5
42001,50,11,5
42017,50,11,5
42035,50,11,5
42051,50,11,5
42067,50,11,5
42084,50,11,5
42101,50,11,5
42118,50,11,5
42134,50,11,5
42150,50,11,5
42168,50,11,5
42184,50,11,5
42201,50,11,5
42217,50,11,5
42234,50,11,5
42251,50,11,5
42267,50,11,5
42284,50,11,5
42301,50,11,5
42317,50,11,5
42334,50,11,5
42350,50,11,5
42368,50,11,5
42384,50,11,5
42400,50,11,5
42417,50,11,5
42434,50,11,5
42450,50,11,5
42467,50,11,5
42483,50,11,5
42501,50,11,5
42517,50,11,5
42533,50,11,5
42550,50,11,5
42567,50,11,5
42584,50,11,5
42600,50,11,5
42616,50,11,5
42634,50,11,5
42650,50,11,5
42667,50,11,5
42683,50,11,5
42700,50,11,5
42717,50,11,5
42733,50,11,5
42749,50,11,5
42767,50,11,5
42783,50,11,5
42800,50,11,5
42816,50,11,5
42833,50,11,5
42850,50,11,5
42866,50,11,5
42883,50,11,5
42900,50,11,5
42916,50,11,5
42933,50,11,5
42949,50,11,5
42967,50,11,5
42983,50,11,5
42999,50,11,5
43016,50,11,5
43033,50,11,5
43049,50,11,5
43066,50,11,5
43082,50,11,5
43100,50,11,5
43116,50,11,5
43132,50,11,5
43149,50,11,5
43166,50,11,5
43183,50,11,5
43199,50,11,5
43215,50,11,5
43233,50,11,5
43249,50,11,5
43266,50,11,5
43282,50,11,5
43299,50,11,5
43316,50,11,5
43332,50,11,5
43348,50,11,5
43366,50,11,5
43382,50,11,5
43399,50,11,5
43415,50,11,5
43432,50,11,5
43449,50,11,5
43465,50,11,5
43482,50,11,5
43499,50,11,5
43515,50,11,5
43532,50,11,5
43548,50,11,5
43566,50,11,5
43582,50,11,5
43598,50,11,5
43615,50,11,5
43632,50,11,5
43649,50,11,5
43665,50,11,5
43681,50,11,5
43699,50,11,5
43715,50,11,5
43731,50,11,5
43748,50,11,5
43765,50,11,5
43782,50,11,5
43798,50,11,5
43814,50,11,5
43832,50,11,5
43848,50,11,5
43865,50,11,5
43881,50,11,5
43898,50,11,5
43915,50,11,5
43931,50,11,5
43948,50,11,5
43965,50,11,5
43981,50,11,5
43998,50,11,5
44014,50,11,5
44032,50,11,5
44048,50,11,5
44064,50,11,5
44081,50,11,5
44098,50,11,5
44114,50,11,5
44131,50,11,5
44147,50,11,5
44165,50,11,5
44181,50,11,5
44197,50,11,5
44214,50,11,5
44231,50,11,5
44248,50,11,5
44264,50,11,5
44280,50,11,5
44298,50,11,5
44314,50,11,5
44331,50,11,5
44347,50,11,5
44364,50,11,5
44381,50,11,5
44397,50,11,5
44413,50,11,5
44431,50,11,5
44447,50,11,5
44464,50,11,5
44480,50,11,5
44497,50,11,5
44514,50,11,5
44530,50,11,5
44547,50,11,5
44564,50,11,5
44580,50,11,5
44597,50,11,5
44613,50,11,5
44631,50,11,5
44647,50,11,5
44663,50,11,5
44680,50,11,5
44697,50,11,5
44713,50,11,5
44730,50,11,5
44746,50,11,5
44764,50,11,5
44780,50,11,5
44796,50,11,5
44813,50,11,5
44830,50,11,5
44847,50,11,5
44863,50,11,5
44879,50,11,5
44897,50,11,5
44913,50,11,5
44930,50,11,5
44946,50,11,5
44963,50,11,5
44980,50,11,5
44996,50,11,5
45012,50,11,5
45030,50,11,5
45046,50,11,5
45063,50,11,5
45079,50,11,5
45096,50,11,5
45113,50,11,5
45129,50,11,5
45146,50,11,5
45163,50,11,5
45179,50,11,5
45196,50,11,5
45212,50,11,5
45230,50,11,5
45246,50,11,5
45262,50,12,4
45279,50,11,5
45296,50,12,4
45313,50,11,5
45329,50,11,5
45345,50,11,5
45363,50,12,4
45379,50,11,5
45395,50,12,4
45412,50,12,4
45429,50,11,5
45446,50,12,4
45462,50,11,5
45478,50,12,4
45496,50,12,4
45512,50,12,4
45529,50,12,4
45545,50,12,4
45562,50,12,4
45579,50,12,4
45595,50,12,4
45612,50,12,4
45629,50,12,4
45645,50,11,5
45662,50,12,4
45678,50,12,4
45696,50,12,4
45712,50,12,4
45728,50,12,4
45745,50,11,5
45762,50,12,4
45778,50,12,4
45795,50,12,4
45811,50,12,4
45829,50,12,4
45845,50,11,5
45861,50,12,4
45878,50,12,4
45895,50,12,4
45912,50,12,4
45928,50,12,4
45944,50,11,5
45962,50,12,4
45978,50,12,4
45995,50,12,4
46011,50,12,4
46028,50,12,4
46045,50,12,4
46061,50,12,4
46077,50,12,4
46095,50,12,4
46111,50,12,4
46128,50,12,4
46144,50,12,4
46161,50,12,4
46178,50,12,4
46194,50,12,4
46211,50,12,4
46228,50,12,4
46244,50,12,4
46261,50,12,4
46277,50,12,4
46295,50,12,4
46311,50,12,4
46327,50,12,4
46344,50,12,4
46361,50,12,4
46377,50,12,4
46394,50,12,4
46410,50,12,4
46428,50,12,4
46444,50,12,4
46460,50,12,4
46477,50,12,4
46494,50,12,4
46511,50,12,4
46527,50,12,4
46543,50,12,4
46561,50,12,4
46577,50,12,4
46594,50,12,4
46610,50,12,4
46627,50,12,4
46644,50,12,4
46660,50,12,4
46676,50,12,4
46694,50,12,4
46710,50,12,4
46727,50,12,4
46743,50,12,4
46760,50,12,4
46777,50,12,4
46793,50,12,4
46810,50,12,4
46827,50,12,4
46843,50,12,4
46860,50,12,4
46876,50,12,4
46894,50,12,4
46910,50,12,4
46926,50,12,4
46943,50,12,4
46960,50,12,4
46977,50,12,4
46993,50,12,4
47009,50,12,4
47027,50,12,4
47043,50,12,4
47059,50,12,4
47076,50,12,4
47093,50,12,4
47110,50,12,4
47126,50,12,4
47142,50,12,4
47160,50,12,4
47176,50,12,4
47193,50,12,4
47209,50,12,4
47226,50,12,4
47243,50,12,4
47259,50,12,4
47276,50,12,4
47293,50,12,4
47309,50,12,4
47326,50,12,4
47342,50,12,4
47360,50,12,4
47376,50,12,4
47392,50,12,4
47409,50,12,4
47426,50,12,4
47442,50,12,4
47459,50,12,4
47475,50,12,4
47493,50,12,4
47509,50,12,4
47525,50,12,4
47542,50,12,4
47559,50,12,4
47576,50,12,4
47592,50,12,4
47608,50,12,4
47626,50,12,4
47642,50,12,4
47659,50,12,4
47675,50,12,4
47692,50,12,4
47709,50,12,4
47725,50,12,4
47741,50,12,4
47759,50,12,4
47775,50,12,4
47792,50,12,4
47808,50,12,4
47825,50,12,4
47842,50,12,4
47858,50,12,4
47875,50,13,3
47892,50,12,4
47908,50,12,4
47925,50,12,4
47941,50,12,4
47959,50,12,4
47975,50,12,4
47991,50,12,4
48008,50,13,3
48025,50,13,3
48041,50,12,4
48058,50,13,3
48074,50,13,3
48092,50,13,3
48108,50,13,3
48124,50,13,3
48141,50,13,3
48158,50,13,3
48175,50,13,3
48191,50,13,3
48207,50,13,3
48225,50,13,3
48241,50,13,3
48258,50,13,3
48274,50,13,3
48291,50,13,3
48308,50,13,3
48324,50,13,3
48340,50,13,3
48358,50,13,3
48374,50,13,3
48391,50,13,3
48407,50,13,3
48424,50,13,3
48441,50,13,3
48457,50,13,3
48474,50,13,3
48491,50,13,3
48507,50,13,3
48524,50,13,3
48540,50,13,3
48558,50,13,3
48574,50,13,3
48590,50,13,3
48607,50,13,3
48624,50,13,3
48641,50,13,3
48657,50,13,3
48673,50,13,3
48691,50,13,3
48707,50,12,4
48723,50,13,3
48740,50,13,3
48757,50,13,3
48774,50,13,3
48790,50,13,3
48806,50,12,4
48824,50,13,3
48840,50,13,3
48857,50,13,3
48873,50,13,3
48890,50,13,3
48907,50,12,4
48923,50,13,3
48940,50,13,3
48957,50,13,3
48973,50,13,3
48990,50,13,3
49006,50,13,3
49024,50,13,3
49040,50,13,3
49056,50,13,3
49073,50,13,3
49090,50,13,3
49106,50,13,3
49123,50,13,3
49139,50,13,3
49157,50,13,3
49173,50,13,3
49189,50,13,3
49206,50,12,4
49223,50,13,3
49240,50,13,3
49256,50,13,3
49272,50,13,3
49290,50,13,3
49306,50,12,4
49323,50,13,3
49339,50,13,3
49356,50,13,3
49373,50,13,3
49389,50,13,3
49405,50,12,4
49423,50,13,3
49439,50,13,3
49456,50,13,3
49472,50,13,3
49489,50,13,3
49506,50,12,4
49522,50,13,3
49539,50,13,3
49556,50,13,3
49572,50,13,3
49589,50,13,3
49605,50,13,3
49623,50,13,3
49639,50,13,3
49655,50,13,3
49672,50,13,3
49689,50,13,3
49705,50,13,3
49722,50,13,3
49738,50,13,3
49756,50,13,3
49772,50,13,3
49788,50,13,3
49805,50,13,3
49822,50,12,4
49839,50,12,4
49855,50,13,3
49871,50,12,4
49889,50,12,4
49905,50,12,4
49922,50,12,4
49938,50,12,4
49955,50,12,4
49972,50,12,4
49988,50,12,4
50004,50,12,4
50022,50,12,4
50038,50,12,4
50055,50,12,4
50071,50,12,4
50088,50,12,4
50105,50,12,4
50121,50,12,4
50138,50,12,4
50155,50,12,4
50171,50,12,4
50188,50,12,4
50204,50,12,4
50222,50,12,4
50238,50,12,4
50254,50,12,4
50271,50,12,4
50288,50,12,4
50305,50,12,4
50321,50,12,4
50337,50,12,4
50355,50,12,4
50371,50,12,4
50387,50,11,5
50404,50,12,4
50421,50,12,4
50438,50,12,4
50454,50,12,4
50470,50,12,4
50488,50,11,5
50504,50,12,4
50521,50,12,4
50537,50,12,4
50554,50,12,4
50571,50,12,4
50587,50,11,5
50604,50,12,4
50621,50,12,4
50637,50,12,4
50654,50,12,4
50670,50,12,4
50688,50,11,5
50704,50,12,4
50720,50,12,4
50737,50,12,4
50754,50,12,4
50770,50,12,4
50787,50,12,4
50803,50,12,4
50821,50,12,4
50837,50,12,4
50853,50,12,4
50870,50,12,4
50887,50,12,4
50904,50,12,4
50920,50,12,4
50936,50,12,4
50954,50,12,4
50970,50,12,4
50987,50,11,5
51003,50,12,4
51020,50,12,4
51037,50,12,4
51053,50,12,4
51069,50,12,4
51087,50,11,5
51103,50,12,4
51120,50,12,4
51136,50,12,4
51153,50,12,4
51170,50,12,4
51186,50,11,5
51203,50,12,4
51220,50,12,4
51236,50,11,5
51253,50,12,4
51269,50,11,5
51287,50,11,5
51303,50,11,5
51319,50,11,5
51336,50,11,5
51353,50,12,4
51369,50,11,5
51386,50,12,4
51402,50,12,4
51420,50,11,5
51436,50,12,4
51452,50,11,5
51469,50,11,5
51486,50,12,4
51503,50,12,4
51519,50,11,5
51535,50,11,5
51553,50,11,5
51569,50,11,5
51586,50,12,4
51602,50,11,5
51619,50,11,5
51636,50,11,5
51652,50,11,5
51668,50,11,5
51686,50,11,5
51702,50,11,5
51719,50,11,5
51735,50,11,5
51752,50,12,4
51769,50,11,5
51785,50,11,5
51802,50,11,5
51819,50,11,5
51835,50,11,5
51852,50,11,5
51868,50,11,5
51886,50,11,5
51902,50,11,5
51918,50,11,5
51935,50,11,5
51952,50,11,5
51969,50,11,5
51985,50,11,5
52001,50,11,5
52019,50,11,5
52035,50,11,5
52051,50,11,5
52068,50,11,5
52085,50,11,5
52102,50,11,5
52118,50,11,5
52134,50,11,5
52152,50,11,5
52168,50,11,5
52185,50,11,5
52201,50,11,5
52218,50,11,5
52235,50,11,5
52251,50,11,5
52268,50,11,5
52285,50,11,5
52301,50,11,5
52318,50,11,5
52334,50,11,5
52352,50,11,5
52368,50,11,5
52384,50,11,5
52401,50,11,5
52418,50,11,5
52434,50,11,5
52451,50,11,5
52467,50,11,5
52485,50,11,5
52501,50,11,5
52517,50,11,5
52534,50,11,5
52551,50,11,5
52568,50,11,5
52584,50,11,5
52600,50,11,5
52618,50,11,5
52634,50,11,5
52651,50,11,5
52667,50,11,5
52684,50,11,5
52701,50,11,5
52717,50,11,5
52733,50,11,5
52751,50,11,5
52767,50,11,5
52784,50,11,5
52800,50,11,5
52817,50,11,5
52834,50,11,5
52850,50,11,5
52867,50,11,5
52884,50,11,5
52900,50,11,5
52917,50,11,5
52933,50,11,5
52951,50,11,5
52967,50,11,5
52983,50,11,5
53000,50,11,5
53017,50,11,5
53033,50,11,5
53050,50,11,5
53066,50,11,5
53084,50,11,5
53100,50,11,5
53116,50,11,5
53133,50,11,5
53150,50,11,5
53167,50,11,5
53183,50,11,5
53199,50,11,5
53217,50,11,5
53233,50,11,5
53250,50,11,5
53266,50,11,5
53283,50,11,5
53300,50,11,5
53316,50,11,5
53332,50,11,5
53350,50,11,5
53366,50,11,5
53383,50,11,5
53399,50,11,5
53416,50,11,5
53433,50,11,5
53449,50,11,5
53466,50,11,5
53483,50,11,5
53499,50,11,5
53516,50,11,5
53532,50,11,5
53550,50,11,5
53566,50,11,5
53582,50,11,5
53599,50,11,5
53616,50,11,5
53633,50,11,5
53649,50,11,5
53665,50,11,5
53683,50,11,5
53699,50,11,5
53715,50,11,5
53732,50,11,5
53749,50,11,5
53766,50,11,5
53782,50,11,5
53798,50,11,5
53816,50,11,5
53832,50,11,5
53849,50,11,5
53865,50,11,5
53882,50,11,5
53899,50,11,5
53915,50,11,5
53932,50,11,5
53949,50,11,5
53965,50,11,5
53982,50,11,5
53998,50,11,5
54016,50,11,5
54032,50,11,5
54048,50,10,6
54065,50,11,5
54082,50,11,5
54098,50,11,5
54115,50,11,5
54131,50,11,5
54149,50,11,5
54165,50,11,5
54181,50,11,5
54198,50,11,5
54215,50,11,5
54232,50,11,5
54248,50,10,6
54264,50,11,5
54282,50,11,5
54298,50,11,5
54315,50,11,5
54331,50,11,5
54348,50,11,5
54365,50,11,5
54381,50,11,5
54397,50,11,5
54415,50,11,5
54431,50,11,5
54448,50,11,5
54464,50,11,5
54481,50,11,5
54498,50,11,5
54514,50,11,5
54531,50,11,5
54548,50,11,5
54564,50,11,5
54581,50,11,5
54597,50,11,5
54615,50,11,5
54631,50,11,5
54647,50,10,6
54664,50,11,5
54681,50,11,5
54697,50,11,5
54714,50,11,5
54730,50,11,5
54748,50,11,5
54764,50,11,5
54780,50,11,5
54797,50,11,5
54814,50,11,5
54831,50,11,5
54847,50,11,5
54863,50,11,5
54881,50,11,5
54897,50,11,5
54914,50,11,5
54930,50,11,5
54947,50,11,5
54964,50,11,5
54980,50,11,5
54996,50,11,5
55014,50,11,5
55030,50,11,5
55047,50,11,5
55063,50,11,5
55080,50,11,5
55097,50,11,5
55113,50,11,5
55130,50,11,5
55147,50,11,5
55163,50,11,5
55180,50,11,5
55196,50,11,5
55214,50,11,5
55230,50,11,5
55246,50,11,5
55263,50,11,5
55280,50,11,5
55297,50,11,5
55313,50,11,5
55329,50,11,5
55347,50,11,5
55363,50,11,5
55379,50,11,5
55396,50,11,5
55413,50,11,5
55430,50,11,5
55446,50,11,5
55462,50,11,5
55480,50,11,5
55496,50,11,5
55513,50,11,5
55529,50,11,5
55546,50,11,5
55563,50,11,5
55579,50,11,5
55596,50,11,5
55613,50,11,5
55629,50,11,5
55646,50,11,5
55662,50,11,5
55680,50,11,5
55696,50,11,5
55712,50,11,5
55729,50,11,5
55746,50,11,5
55762,50,11,5
55779,50,11,5
55795,50,11,5
55813,50,11,5
55829,50,10,6
55845,50,11,5
55862,50,11,5
55879,50,11,5
55896,50,11,5
55912,50,11,5
55928,50,11,5
55946,50,11,5
55962,50,11,5
55979,50,11,5
55995,50,11,5
56012,50,11,5
56029,50,10,6
56045,50,11,5
56061,50,11,5
56079,50,11,5
56095,50,11,5
56112,50,11,5
56128,50,11,5
56145,50,11,5
56162,50,11,5
56178,50,11,5
56195,50,11,5
56212,50,11,5
56228,50,11,5
56245,50,11,5
56261,50,11,5
56279,50,11,5
56295,50,11,5
56311,50,11,5
56328,50,11,5
56345,50,11,5
56361,50,11,5
56378,50,11,5
56394,50,11,5
56412,50,11,5
56428,50,10,6
56444,50,11,5
56461,50,11,5
56478,50,11,5
56495,50,11,5
56511,50,11,5
56527,50,11,5
56545,50,11,5
56561,50,11,5
56578,50,11,5
56594,50,11,5
56611,50,11,5
56628,50,11,5
56644,50,11,5
56660,50,11,5
56678,50,11,5
56694,50,11,5
56711,50,11,5
56727,50,11,5
56744,50,11,5
56761,50,11,5
56777,50,11,5
56794,50,11,5
56811,50,11,5
56827,50,11,5
56844,50,11,5
56860,50,11,5
56878,50,11,5
56894,50,11,5
56910,50,11,5
56927,50,11,5
56944,50,11,5
56961,50,11,5
56977,50,11,5
56993,50,11,5
57011,50,11,5
57027,50,11,5
57043,50,11,5
57060,50,11,5
57077,50,11,5
57094,50,11,5
57110,50,11,5
57126,50,11,5
57144,50,11,5
57160,50,11,5
57177,50,11,5
57193,50,11,5
57210,50,11,5
57227,50,11,5
57243,50,11,5
57260,50,11,5
57277,50,11,5
57293,50,11,5
57310,50,11,5
57326,50,11,5
57344,50,11,5
57360,50,12,4
57376,50,12,4
57393,50,11,5
57410,50,11,5
57426,50,11,5
57443,50,11,5
57459,50,11,5
57477,50,11,5
57493,50,11,5
57509,50,11,5
57526,50,11,5
57543,50,11,5
57560,50,11,5
57576,50,11,5
57592,50,11,5
57610,50,11,5
57626,50,11,5
57643,50,11,5
57659,50,11,5
57676,50,11,5
57693,50,11,5
57709,50,11,5
57725,50,11,5
57743,50,12,4
57759,50,12,4
57776,50,11,5
57792,50,11,5
57809,50,11,5
57826,50,11,5
57842,50,11,5
57859,50,11,5
57876,50,11,5
57892,50,11,5
57909,50,11,5
57925,50,11,5
57943,50,11,5
57959,50,11,5
57975,50,11,5
57992,50,12,4
58009,50,12,4
58025,50,12,4
58042,50,12,4
58058,50,11,5
58076,50,12,4
58092,50,12,4
58108,50,11,5
58125,50,12,4
58142,50,12,4
58159,50,12,4
58175,50,12,4
58191,50,12,4
58209,50,11,5
58225,50,12,4
58242,50,12,4
58258,50,12,4
58275,50,11,5
58292,50,12,4
58308,50,11,5
58324,50,12,4
58342,50,12,4
58358,50,12,4
58375,50,12,4
58391,50,12,4
58408,50,12,4
58425,50,12,4
58441,50,12,4
58458,50,12,4
58475,50,12,4
58491,50,12,4
58508,50,12,4
58524,50,12,4
58542,50,12,4
58558,50,12,4
58574,50,12,4
58591,50,12,4
58608,50,12,4
58625,50,12,4
58641,50,12,4
58657,50,12,4
58675,50,12,4
58691,50,12,4
58707,50,12,4
58724,50,12,4
58741,50,12,4
58758,50,12,4
58774,50,12,4
58790,50,12,4
58808,50,12,4
58824,50,12,4
58841,50,12,4
58857,50,12,4
58874,50,12,4
58891,50,12,4
58907,50,12,4
58924,50,12,4
58941,50,12,4
58957,50,12,4
58974,50,12,4
58990,50,12,4
59008,50,12,4
59024,50,12,4
59040,50,12,4
59057,50,12,4
59074,50,12,4
59090,50,12,4
59107,50,12,4
59123,50,12,4
59141,50,12,4
59157,50,12,4
59173,50,12,4
59190,50,12,4
59207,50,12,4
59224,50,12,4
59240,50,12,4
59256,50,12,4
59274,50,12,4
59290,50,12,4
59307,50,12,4
59323,50,12,4
59340,50,12,4
59357,50,12,4
59373,50,12,4
59389,50,12,4
59407,50,12,4
59423,50,12,4
59440,50,12,4
59456,50,12,4
59473,50,12,4
59490,50,12,4
59506,50,12,4
59523,50,12,4
59540,50,12,4
59556,50,12,4
59573,50,12,4
59589,50,12,4
59607,50,12,4
59623,50,12,4
59639,50,12,4
59656,50,12,4
59673,50,12,4
59689,50,12,4
59706,50,12,4
59722,50,12,4
59740,50,12,4
59756,50,12,4
59772,50,12,4
59789,50,12,4
59806,50,12,4
59823,50,12,4
59839,50,12,4
59855,50,12,4
59873,50,12,4
59889,50,12,4
59906,50,12,4
59922,50,12,4
59939,50,12,4
59956,50,12,4
59972,50,12,4
59988,50,12,4
60006,50,12,4
60022,50,12,4
60039,50,12,4
60055,50,12,4
60072,50,12,4
60089,50,12,4
60105,50,12,4
60122,50,12,4
60139,50,12,4
60155,50,12,4
60172,50,12,4
60188,50,12,4
60206,50,12,4
60222,50,12,4
60238,50,12,4
60255,50,12,4
60272,50,12,4
60289,50,12,4
60305,50,12,4
60321,50,12,4
60339,50,12,4
60355,50,12,4
60371,50,12,4
60388,50,12,4
60405,50,12,4
60422,50,12,4
60438,50,12,4
60454,50,12,4
60472,50,12,4
60488,50,12,4
60505,50,12,4
60521,50,12,4
60538,50,12,4
60555,50,12,4
60571,50,12,4
60588,50,12,4
60605,50,12,4
60621,50,12,4
60638,50,12,4
60654,50,12,4
60672,50,12,4
60688,50,12,4
60704,50,12,4
60721,50,12,4
60738,50,12,4
60754,50,12,4
60771,50,12,4
60787,50,12,4
60805,50,12,4
60821,50,12,4
60837,50,12,4
60854,50,12,4
60871,50,12,4
60888,50,12,4
60904,50,12,4
60920,50,12,4
60938,50,12,4
60954,50,12,4
60971,50,12,4
60987,50,12,4
61004,50,12,4
61021,50,12,4
61037,50,12,4
61053,50,12,4
61071,50,11,5
61087,50,12,4
61104,50,12,4
61120,50,12,4
61137,50,12,4
61154,50,12,4
61170,50,11,5
61187,50,12,4
61204,50,12,4
61220,50,12,4
61237,50,12,4
61253,50,12,4
61271,50,11,5
61287,50,12,4
61303,50,12,4
61320,50,12,4
61337,50,12,4
61353,50,12,4
61370,50,11,5
61386,50,12,4
61404,50,12,4
61420,50,12,4
61436,50,12,4
61453,50,12,4
61470,50,12,4
61487,50,12,4
61503,50,12,4
61519,50,12,4
61537,50,12,4
61553,50,12,4
61570,50,12,4
61586,50,12,4
61603,50,12,4
61620,50,12,4
61636,50,12,4
61652,50,12,4
61670,50,12,4
61686,50,12,4
61703,50,12,4
61719,50,12,4
61736,50,12,4
61753,50,12,4
61769,50,11,5
61786,50,12,4
61803,50,12,4
61819,50,12,4
61836,50,12,4
61852,50,12,4
61870,50,11,5
61886,50,12,4
61902,50,12,4
61919,50,12,4
61936,50,12,4
61953,50,12,4
61969,50,12,4
61985,50,12,4
62003,50,12,4
62019,50,12,4
62035,50,12,4
62052,50,12,4
62069,50,12,4
62086,50,12,4
62102,50,12,4
62118,50,12,4
62136,50,12,4
62152,50,12,4
62169,50,12,4
62185,50,12,4
62202,50,12,4
62219,50,12,4
62235,50,12,4
62252,50,12,4
62269,50,12,4
62285,50,12,4
62302,50,12,4
62318,50,12,4
62336,50,12,4
62352,50,12,4
62368,50,12,4
62385,50,12,4
62402,50,11,5
62418,50,11,5
62435,50,12,4
62451,50,12,4
62469,50,11,5
62485,50,12,4
62501,50,11,5
62518,50,11,5
62535,50,11,5
62552,50,11,5
62568,50,11,5
62584,50,11,5
62602,50,11,5
62618,50,11,5
62635,50,11,5
62651,50,11,5
62668,50,11,5
62685,50,11,5
62701,50,11,5
62717,50,11,5
62735,50,11,5
62751,50,11,5
62768,50,11,5
62784,50,11,5
62801,50,11,5
62818,50,11,5
62834,50,11,5
62851,50,11,5
62868,50,11,5
62884,50,11,5
62901,50,11,5
62917,50,11,5
62935,50,11,5
62951,50,11,5
62967,50,11,5
62984,50,11,5
63001,50,11,5
63017,50,11,5
63034,50,11,5
63050,50,11,5
63068,50,11,5
63084,50,11,5
63100,50,11,5
63117,50,11,5
63134,50,11,5
63151,50,11,5
63167,50,11,5
63183,50,11,5
63201,50,11,5
63217,50,11,5
63234,50,11,5
63250,50,11,5
63267,50,11,5
63284,50,11,5
63300,50,11,5
63316,50,11,5
63334,50,11,5
63350,50,11,5
63367,50,11,5
63383,50,11,5
63400,50,11,5
63417,50,11,5
63433,50,11,5
63450,50,11,5
63467,50,11,5
63483,50,11,5
63500,50,11,5
63516,50,11,5
63534,50,11,5
63550,50,11,5
63566,50,11,5
63583,50,11,5
63600,50,11,5
63617,50,11,5
63633,50,11,5
63649,50,11,5
63667,50,11,5
63683,50,11,5
63699,50,11,5
63716,50,11,5
63733,50,11,5
63750,50,11,5
63766,50,11,5
63782,50,11,5
63800,50,11,5
63816,50,11,5
63833,50,11,5
63849,50,11,5
63866,50,11,5
63883,50,11,5
63899,50,11,5
63916,50,11,5
63933,50,11,5
63949,50,11,5
63966,50,11,5
63982,50,11,5
64000,50,11,5
64016,50,11,5
64032,50,11,5
64049,50,11,5
64066,50,11,5
64082,50,11,5
64099,50,11,5
64115,50,11,5
64133,50,11,5
64149,50,11,5
64165,50,11,5
64182,50,11,5
64199,50,11,5
64216,50,11,5
64232,50,11,5
64248,50,11,5
64266,50,11,5
64282,50,11,5
64299,50,11,5
64315,50,11,5
64332,50,11,5
64349,50,11,5
64365,50,11,5
64381,50,11,5
64399,50,11,5
64415,50,11,5
64432,50,11,5
64448,50,11,5
64465,50,11,5
64482,50,11,5
64498,50,11,5
64515,50,11,5
64532,50,11,5
64548,50,11,5
64565,50,11,5
64581,50,11,5
64599,50,11,5
64615,50,11,5
64631,50,10,6
64648,50,11,5
64665,50,11,5
64681,50,11,5
64698,50,11,5
64714,50,11,5
64732,50,11,5
64748,50,11,5
64764,50,11,5
64781,50,11,5
64798,50,11,5
64815,50,11,5
64831,50,11,5
64847,50,11,5
64865,50,11,5
64881,50,11,5
64898,50,11,5
64914,50,11,5
64931,50,11,5
64948,50,11,5
64964,50,11,5
64980,50,11,5
64998,50,11,5
65014,50,11,5
65031,50,11,5
65047,50,11,5
65064,50,11,5
65081,50,11,5
65097,50,11,5
65114,50,11,5
65131,50,11,5
65147,50,11,5
65164,50,11,5
65180,50,11,5
65198,50,11,5
65214,50,11,5
65230,50,11,5
65247,50,11,5
65264,50,11,5
65281,50,11,5
65297,50,11,5
65313,50,11,5
65331,50,11,5
65347,50,11,5
65363,50,11,5
65380,50,11,5
65397,50,11,5
65414,50,11,5
65430,50,11,5
65446,50,11,5
65464,50,11,5
65480,50,11,5
65497,50,11,5
65513,50,11,5
65530,50,11,5
65547,50,11,5
65563,50,11,5
65580,50,11,5
65597,50,11,5
65613,50,11,5
65630,50,11,5
65646,50,11,5
65664,50,11,5
65680,50,11,5
65696,50,11,5
65713,50,11,5
65730,50,11,5
65746,50,10,6
65763,50,11,5
65779,50,11,5
65797,50,11,5
65813,50,11,5
65829,50,11,5
65846,50,11,5
65863,50,11,5
65880,50,11,5
65896,50,11,5
65912,50,11,5
65930,50,11,5
65946,50,10,6
65963,50,11,5
65979,50,11,5
65996,50,11,5
66013,50,10,6
66029,50,10,6
66045,50,11,5
66063,50,11,5
66079,50,10,6
66096,50,10,6
66112,50,11,5
66129,50,11,5
66146,50,10,6
66162,50,10,6
66179,50,11,5
66196,50,11,5
66212,50,10,6
66229,50,10,6
66245,50,11,5
66263,50,11,5
66279,50,10,6
66295,50,10,6
66312,50,10,6
66329,50,11,5
66345,50,10,6
66362,50,10,6
66378,50,11,5
66396,50,11,5
66412,50,10,6
66428,50,10,6
66445,50,11,5
66462,50,11,5
66479,50,10,6
66495,50,10,6
66511,50,10,6
66529,50,11,5
66545,50,10,6
66562,50,10,6
66578,50,11,5
66595,50,11,5
66612,50,10,6
66628,50,10,6
66644,50,11,5
66662,50,11,5
66678,50,10,6
66695,50,10,6
66711,50,11,5
66728,50,11,5
66745,50,10,6
66761,50,10,6
66778,50,11,5
66795,50,11,5
66811,50,10,6
66828,50,10,6
66844,50,11,5
66862,50,11,5
66878,50,10,6
66894,50,10,6
66911,50,10,6
66928,50,11,5
66945,50,10,6
66961,50,10,6
66977,50,11,5
66995,50,11,5
67011,50,10,6
67027,50,10,6
67044,50,11,5
67061,50,11,5
67078,50,10,6
67094,50,11,5
67110,50,10,6
67128,50,11,5
67144,50,10,6
67161,50,11,5
67177,50,11,5
67194,50,11,5
67211,50,10,6
67227,50,10,6
67244,50,11,5
67261,50,11,5
67277,50,11,5
67294,50,10,6
67310,50,11,5
67328,50,11,5
67344,50,11,5
67360,50,11,5
67377,50,11,5
67394,50,11,5
67410,50,10,6
67427,50,11,5
67443,50,11,5
67461,50,11,5
67477,50,11,5
67493,50,11,5
67510,50,11,5
67527,50,11,5
67544,50,11,5
67560,50,11,5
67576,50,11,5
67594,50,11,5
67610,50,11,5
67627,50,11,5
67643,50,11,5
67660,50,11,5
67677,50,11,5
67693,50,11,5
67709,50,11,5
67727,50,11,5
67743,50,11,5
67760,50,11,5
67776,50,11,5
67793,50,11,5
67810,50,11,5
67826,50,11,5
67843,50,11,5
67860,50,11,5
67876,50,11,5
67893,50,11,5
67909,50,11,5
67927,50,11,5
67943,50,11,5
67959,50,11,5
67976,50,11,5
67993,50,11,5
68009,50,11,5
68026,50,11,5
68042,50,11,5
68060,50,11,5
68076,50,11,5
68092,50,10,6
68109,50,11,5
68126,50,11,5
68143,50,11,5
68159,50,11,5
68175,50,11,5
68193,50,11,5
68209,50,11,5
68226,50,11,5
68242,50,11,5
68259,50,11,5
68276,50,11,5
68292,50,10,6
68308,50,11,5
68326,50,11,5
68342,50,11,5
68359,50,11,5
68375,50,11,5
68392,50,10,6
68409,50,11,5
68425,50,11,5
68442,50,11,5
68459,50,11,5
68475,50,11,5
68492,50,11,5
68508,50,11,5
68526,50,11,5
68542,50,11,5
68558,50,11,5
68575,50,11,5
68592,50,11,5
68609,50,11,5
68625,50,11,5
68641,50,11,5
68659,50,11,5
68675,50,11,5
68691,50,10,6
68708,50,11,5
68725,50,11,5
68742,50,11,5
68758,50,11,5
68774,50,11,5
68792,50,11,5
68808,50,11,5
68825,50,11,5
68841,50,11,5
68858,50,11,5
68875,50,11,5
68891,50,10,6
68908,50,11,5
68925,50,11,5
68941,50,11,5
68958,50,11,5
68974,50,11,5
68992,50,11,5
69008,50,11,5
69024,50,11,5
69041,50,11,5
69058,50,11,5
69074,50,11,5
69091,50,11,5
69107,50,11,5
69125,50,10,6
69141,50,11,5
69157,50,11,5
69174,50,11,5
69191,50,11,5
69208,50,11,5
69224,50,11,5
69240,50,11,5
69258,50,11,5
69274,50,11,5
69291,50,11,5
69307,50,11,5
69324,50,11,5
69341,50,11,5
69357,50,11,5
69373,50,11,5
69391,50,11,5
69407,50,11,5
69424,50,11,5
69440,50,11,5
69457,50,11,5
69474,50,11,5
69490,50,11,5
69507,50,11,5
69524,50,11,5
69540,50,11,5
69557,50,11,5
69573,50,11,5
69591,50,11,5
69607,50,11,5
69623,50,11,5
69640,50,11,5
69657,50,11,5
69673,50,11,5
69690,50,11,5
69706,50,11,5
69724,50,11,5
69740,50,11,5
69756,50,11,5
69773,50,11,5
69790,50,11,5
69807,50,11,5
69823,50,11,5
69839,50,11,5
69857,50,11,5
69873,50,10,6
69890,50,11,5
69906,50,11,5
69923,50,11,5
69940,50,11,5
69956,50,11,5
69972,50,10,6
69990,50,11,5
70006,50,11,5
70023,50,11,5
70039,50,11,5
70056,50,11,5
70073,50,10,6
70089,50,11,5
70106,50,11,5
70123,50,11,5
70139,50,11,5
70156,50,11,5
70172,50,11,5
70190,50,11,5
70206,50,11,5
70222,50,11,5
70239,50,11,5
70256,50,11,5
70273,50,11,5
70289,50,11,5
70305,50,11,5
70323,50,11,5
70339,50,11,5
70355,50,11,5
70372,50,11,5
70389,50,11,5
70406,50,11,5
70422,50,11,5
70438,50,11,5
70456,50,11,5
70472,50,11,5
70489,50,11,5
70505,50,11,5
70522,50,11,5
70539,50,11,5
70555,50,11,5
70572,50,11,5
70589,50,11,5
70605,50,11,5
70622,50,11,5
70638,50,11,5
70656,50,11,5
70672,50,11,5
70688,50,11,5
70705,50,11,5
70722,50,11,5
70738,50,11,5
70755,50,11,5
70771,50,11,5
70789,50,11,5
70805,50,11,5
70821,50,11,5
70838,50,11,5
70855,50,11,5
70872,50,11,5
70888,50,11,5
70904,50,11,5
70922,50,11,5
70938,50,11,5
70955,50,11,5
70971,50,11,5
70988,50,11,5
71005,50,11,5
71021,50,11,5
71037,50,11,5
71055,50,11,5
71071,50,11,5
71088,50,11,5
71104,50,11,5
71121,50,11,5
71138,50,11,5
71154,50,11,5
71171,50,11,5
71188,50,11,5
71204,50,11,5
71221,50,12,4
71237,50,12,4
71255,50,11,5
71271,50,11,5
71287,50,11,5
71304,50,12,4
71321,50,12,4
71337,50,12,4
71354,50,12,4
71370,50,11,5
71388,50,11,5
71404,50,11,5
71420,50,11,5
71437,50,11,5
71454,50,12,4
71471,50,12,4
71487,50,12,4
71503,50,11,5
71521,50,11,5
71537,50,11,5
71554,50,11,5
71570,50,12,4
71587,50,11,5
71604,50,11,5
71620,50,11,5
71636,50,11,5
71654,50,11,5
71670,50,11,5
71687,50,12,4
71703,50,12,4
71720,50,12,4
71737,50,11,5
71753,50,11,5
71770,50,11,5
71787,50,11,5
71803,50,12,4
71820,50,12,4
71836,50,12,4
71854,50,11,5
71870,50,12,4
71886,50,11,5
71903,50,12,4
71920,50,12,4
71937,50,12,4
71953,50,11,5
71969,50,12,4
71987,50,12,4
72003,50,12,4
72019,50,12,4
72036,50,12,4
72053,50,12,4
72070,50,12,4
72086,50,12,4
72102,50,12,4
72120,50,12,4
72136,50,12,4
72153,50,12,4
72169,50,12,4
72186,50,12,4
72203,50,12,4
72219,50,12,4
72236,50,12,4
72253,50,11,5
72269,50,12,4
72286,50,12,4
72302,50,12,4
72320,50,12,4
72336,50,12,4
72352,50,11,5
72369,50,12,4
72386,50,12,4
72402,50,12,4
72419,50,12,4
72435,50,12,4
72453,50,11,5
72469,50,12,4
72485,50,12,4
72502,50,12,4
72519,50,12,4
72536,50,12,4
72552,50,11,5
72568,50,12,4
72586,50,12,4
72602,50,12,4
72619,50,12,4
72635,50,12,4
72652,50,11,5
72669,50,12,4
72685,50,11,5
72701,50,12,4
72719,50,12,4
72735,50,11,5
72752,50,12,4
72768,50,12,4
72785,50,12,4
72802,50,12,4
72818,50,12,4
72835,50,12,4
72852,50,11,5
72868,50,11,5
72885,50,11,5
72901,50,12,4
72919,50,11,5
72935,50,11,5
72951,50,12,4
72968,50,12,4
72985,50,12,4
73001,50,11,5
73018,50,11,5
73034,50,12,4
73052,50,11,5
73068,50,11,5
73084,50,11,5
73101,50,12,4
73118,50,11,5
73135,50,11,5
73151,50,11,5
73167,50,12,4
73185,50,11,5
73201,50,11,5
73218,50,11,5
73234,50,12,4
73251,50,11,5
73268,50,11,5
73284,50,11,5
73300,50,12,4
73318,50,12,4
73334,50,12,4
73351,50,11,5
73367,50,12,4
73384,50,11,5
73401,50,11,5
73417,50,11,5
73434,50,12,4
73451,50,11,5
73467,50,11,5
73484,50,11,5
73500,50,12,4
73518,50,11,5
73534,50,11,5
73550,50,11,5
73567,50,12,4
73584,50,11,5
73601,50,11,5
73617,50,12,4
73633,50,11,5
73651,50,11,5
73667,50,11,5
73683,50,11,5
73700,50,12,4
73717,50,11,5
73734,50,11,5
73750,50,11,5
73766,50,12,4
73784,50,11,5
73800,50,11,5
73817,50,11,5
73833,50,12,4
73850,50,12,4
73867,50,12,4
73883,50,11,5
73900,50,12,4
73917,50,11,5
73933,50,11,5
73950,50,11,5
73966,50,12,4
73984,50,11,5
74000,50,11,5
74016,50,11,5
74033,50,11,5
74050,50,11,5
74066,50,11,5
74083,50,11,5
74099,50,12,4
74117,50,11,5
74133,50,11,5
74149,50,11,5
74166,50,12,4
74183,50,11,5
74200,50,11,5
74216,50,11,5
74232,50,11,5
74250,50,11,5
74266,50,11,5
74283,50,11,5
74299,50,12,4
74316,50,11,5
74333,50,11,5
74349,50,11,5
74365,50,12,4
74383,50,11,5
74399,50,11,5
74416,50,11,5
74432,50,12,4
74449,50,11,5
74466,50,11,5
74482,50,11,5
74499,50,12,4
74516,50,11,5
74532,50,11,5
74549,50,11,5
74565,50,12,4
74583,50,11,5
74599,50,11,5
74615,50,11,5
74632,50,12,4
74649,50,11,5
74665,50,11,5
74682,50,11,5
74698,50,12,4
74716,50,11,5
74732,50,11,5
74748,50,11,5
74765,50,12,4
74782,50,11,5
74799,50,11,5
74815,50,11,5
74831,50,12,4
74849,50,11,5
74865,50,11,5
74882,50,11,5
74898,50,12,4
74915,50,11,5
74932,50,11,5
74948,50,11,5
74964,50,12,4
74982,50,11,5
74998,50,11,5
75015,50,11,5
75031,50,12,4
75048,50,11,5
75065,50,11,5
75081,50,11,5
75098,50,12,4
75115,50,11,5
75131,50,11,5
75148,50,11,5
75164,50,11,5
75182,50,11,5
75198,50,11,5
75214,50,11,5
75231,50,12,4
75248,50,11,5
75265,50,11,5
75281,50,11,5
75297,50,11,5
75315,50,11,5
75331,50,11,5
75347,50,11,5
75364,50,12,4
75381,50,11,5
75398,50,11,5
75414,50,11,5
75430,50,11,5
75448,50,11,5
75464,50,11,5
75481,50,11,5
75497,50,11,5
75514,50,11,5
75531,50,11,5
75547,50,11,5
75564,50,11,5
75581,50,11,5
75597,50,11,5
75614,50,11,5
75630,50,11,5
75648,50,11,5
75664,50,11,5
75680,50,11,5
75697,50,11,5
75714,50,11,5
75730,50,11,5
75747,50,11,5
75763,50,11,5
75781,50,11,5
75797,50,11,5
75813,50,11,5
75830,50,11,5
75847,50,11,5
75864,50,11,5
75880,50,11,5
75896,50,11,5
75914,50,11,5
75930,50,11,5
75947,50,11,5
75963,50,11,5
75980,50,11,5
75997,50,11,5
76013,50,11,5
76029,50,11,5
76047,50,11,5
76063,50,11,5
76080,50,11,5
76096,50,11,5
76113,50,11,5
76130,50,11,5
76146,50,11,5
76163,50,11,5
76180,50,11,5
76196,50,11,5
76213,50,11,5
76229,50,11,5
76247,50,11,5
76263,50,11,5
76279,50,11,5
76296,50,11,5
76313,50,11,5
76329,50,11,5
76346,50,11,5
76362,50,11,5
76380,50,11,5
76396,50,11,5
76412,50,11,5
76429,50,11,5
76446,50,11,5
76463,50,11,5
76479,50,11,5
76495,50,11,5
76513,50,11,5
76529,50,10,6
76546,50,11,5
76562,50,11,5
76579,50,11,5
76596,50,10,6
76612,50,11,5
76628,50,11,5
76646,50,11,5
76662,50,10,6
76679,50,10,6
76695,50,11,5
76712,50,11,5
76729,50,10,6
76745,50,10,6
76762,50,11,5
76779,50,11,5
76795,50,10,6
76812,50,10,6
76828,50,11,5
76846,50,11,5
76862,50,10,6
76878,50,10,6
76895,50,11,5
76912,50,11,5
76929,50,10,6
76945,50,10,6
76961,50,11,5
76979,50,11,5
76995,50,10,6
77011,50,10,6
77028,50,11,5
77045,50,11,5
77062,50,10,6
77078,50,10,6
77094,50,10,6
77112,50,11,5
77128,50,10,6
77145,50,10,6
77161,50,11,5
77178,50,11,5
77195,50,10,6
77211,50,10,6
77228,50,11,5
77245,50,11,5
77261,50,10,6
77278,50,10,6
77294,50,10,6
77312,50,11,5
77328,50,10,6
77344,50,10,6
77361,50,11,5
77378,50,11,5
77394,50,10,6
77411,50,10,6
77427,50,11,5
77445,50,11,5
77461,50,10,6
77477,50,10,6
77494,50,11,5
77511,50,11,5
77528,50,10,6
77544,50,10,6
77560,50,11,5
77578,50,11,5
77594,50,10,6
77611,50,10,6
77627,50,11,5
77644,50,11,5
77661,50,10,6
77677,50,10,6
77693,50,10,6
77711,50,11,5
77727,50,10,6
77744,50,10,6
77760,50,11,5
77777,50,11,5
77794,50,10,6
77810,50,10,6
77827,50,11,5
77844,50,11,5
77860,50,10,6
77877,50,10,6
77893,50,11,5
77911,50,11,5
77927,50,10,6
77943,50,10,6
77960,50,11,5
77977,50,11,5
77993,50,10,6
78010,50,10,6
78026,50,11,5
78044,50,11,5
78060,50,10,6
78076,50,10,6
78093,50,11,5
78110,50,11,5
78127,50,10,6
78143,50,10,6
78159,50,11,5
78177,50,11,5
78193,50,10,6
78210,50,10,6
78226,50,11,5
78243,50,11,5
78260,50,10,6
78276,50,10,6
78292,50,11,5
78310,50,11,5
78326,50,10,6
78343,50,10,6
78359,50,11,5
78376,50,11,5
78393,50,10,6
78409,50,10,6
78426,50,11,5
78443,50,11,5
78459,50,10,6
78476,50,10,6
78492,50,11,5
78510,50,11,5
78526,50,10,6
78542,50,10,6
78559,50,11,5
78576,50,11,5
78593,50,10,6
78609,50,10,6
78625,50,11,5
78642,50,10,6
78659,50,10,6
78675,50,10,6
78692,50,11,5
78709,50,11,5
78726,50,10,6
78742,50,10,6
78758,50,11,5
78776,50,10,6
78792,50,10,6
78809,50,10,6
78825,50,11,5
78842,50,11,5
78859,50,10,6
78875,50,10,6
78892,50,11,5
78909,50,11,5
78925,50,10,6
78942,50,10,6
78958,50,11,5
78976,50,10,6
78992,50,10,6
79008,50,10,6
79025,50,11,5
79042,50,11,5
79058,50,10,6
79075,50,10,6
79091,50,11,5
79109,50,11,5
79125,50,10,6
79141,50,10,6
79158,50,11,5
79175,50,11,5
79192,50,10,6
79208,50,10,6
79224,50,11,5
79242,50,11,5
79258,50,10,6
79275,50,10,6
79291,50,11,5
79308,50,11,5
79325,50,10,6
79341,50,10,6
79357,50,11,5
79375,50,10,6
79391,50,10,6
79408,50,10,6
79424,50,11,5
79441,50,11,5
79458,50,10,6
79474,50,10,6
79491,50,11,5
79508,50,11,5
79524,50,10,6
79541,50,10,6
79557,50,11,5
79575,50,10,6
79591,50,10,6
79607,50,10,6
79624,50,11,5
79641,50,11,5
79657,50,10,6
79674,50,10,6
79690,50,11,5
79708,50,11,5
79724,50,10,6
79740,50,10,6
79757,50,11,5
79774,50,11,5
79791,50,10,6
79807,50,10,6
79823,50,11,5
79841,50,11,5
79857,50,10,6
79874,50,10,6
79890,50,11,5
79907,50,11,5
79924,50,10,6
79940,50,10,6
79956,50,11,5
79974,50,11,5
79990,50,10,6
80007,50,10,6
80023,50,11,5
80040,50,11,5
80057,50,10,6
80073,50,10,6
80090,50,11,5
80107,50,11,5
80123,50,10,6
80140,50,10,6
80156,50,11,5
80174,50,11,5
80190,50,10,6
80206,50,10,6
80223,50,11,5
80240,50,11,5
80257,50,10,6
80273,50,10,6
80289,50,11,5
80307,50,11,5
80323,50,10,6
80339,50,10,6
80356,50,11,5
80373,50,11,5
80390,50,10,6
80406,50,10,6
80422,50,11,5
80440,50,11,5
80456,50,10,6
80473,50,10,6
80489,50,11,5
80506,50,11,5
80523,50,10,6
80539,50,10,6
80556,50,10,6
80573,50,11,5
80589,50,10,6
80606,50,10,6
80622,50,11,5
80640,50,11,5
80656,50,10,6
80672,50,10,6
80689,50,10,6
80706,50,11,5
80722,50,10,6
80739,50,10,6
80755,50,10,6
80773,50,11,5
80789,50,10,6
80805,50,10,6
80822,50,11,5
80839,50,11,5
80856,50,10,6
80872,50,10,6
80888,50,11,5
80906,50,11,5
80922,50,10,6
80939,50,10,6
80955,50,11,5
80972,50,11,5
80989,50,10,6
81005,50,10,6
81021,50,11,5
81039,50,11,5
81055,50,10,6
81072,50,10,6
81088,50,11,5
81105,50,11,5
81122,50,10,6
81138,50,10,6
81155,50,10,6
81172,50,11,5
81188,50,10,6
81205,50,10,6
81221,50,11,5
81239,50,11,5
81255,50,10,6
81271,50,10,6
81288,50,11,5
81305,50,11,5
81321,50,10,6
81338,50,10,6
81354,50,10,6
81372,50,11,5
81388,50,10,6
81404,50,10,6
81421,50,11,5
81438,50,11,5
81455,50,10,6
81471,50,10,6
81487,50,11,5
81505,50,11,5
81521,50,10,6
81538,50,10,6
81554,50,11,5
81571,50,11,5
81588,50,10,6
81604,50,10,6
81620,50,11,5
81638,50,11,5
81654,50,10,6
81671,50,10,6
81687,50,11,5
81704,50,11,5
81721,50,10,6
81737,50,10,6
81754,50,11,5
81771,50,11,5
81787,50,10,6
81804,50,10,6
81820,50,11,5
81838,50,11,5
81854,50,10,6
81870,50,10,6
81887,50,11,5
81904,50,11,5
81921,50,10,6
81937,50,10,6
81953,50,10,6
81971,50,10,6
81987,50,10,6
82003,50,10,6
82020,50,10,6
82037,50,11,5
82054,50,10,6
82070,50,10,6
82086,50,10,6
82104,50,11,5
82120,50,10,6
82137,50,10,6
82153,50,11,5
82170,50,11,5
82187,50,10,6
82203,50,10,6
82220,50,10,6
82237,50,10,6
82253,50,10,6
82270,50,10,6
82286,50,10,6
82304,50,10,6
82320,50,10,6
82336,50,10,6
82353,50,10,6
82370,50,10,6
82386,50,10,6
82403,50,10,6
82419,50,10,6
82437,50,10,6
82453,50,10,6
82469,50,10,6
82486,50,10,6
82503,50,10,6
82520,50,10,6
82536,50,10,6
82552,50,10,6
82570,50,10,6
82586,50,10,6
82603,50,10,6
82619,50,10,6
82636,50,10,6
82653,50,10,6
82669,50,10,6
82685,50,10,6
82703,50,10,6
82719,50,10,6
82736,50,10,6
82752,50,10,6
82769,50,10,6
82786,50,10,6
82802,50,10,6
82819,50,10,6
82836,50,10,6
82852,50,10,6
82869,50,10,6
82885,50,10,6
82903,50,10,6
82919,50,10,6
82935,50,10,6
82952,50,10,6
82969,50,10,6
82985,50,10,6
83002,50,10,6
83018,50,10,6
83036,50,10,6
83052,50,10,6
83068,50,10,6
83085,50,10,6
83102,50,10,6
83119,50,10,6
83135,50,10,6
83151,50,10,6
83169,50,10,6
83185,50,10,6
83202,50,10,6
83218,50,10,6
83235,50,10,6
83252,50,10,6
83268,50,10,6
83284,50,10,6
83302,50,10,6
83318,50,10,6
83335,50,10,6
83351,50,10,6
83368,50,10,6
83385,50,10,6
83401,50,10,6
83418,50,10,6
83435,50,10,6
83451,50,10,6
83468,50,10,6
83484,50,10,6
83502,50,10,6
83518,50,10,6
83534,50,10,6
83551,50,10,6
83568,50,10,6
83585,50,11,5
83601,50,11,5
83617,50,11,5
83635,50,11,5
83651,50,11,5
83667,50,11,5
83684,50,11,5
83701,50,11,5
83718,50,11,5
83734,50,11,5
83750,50,11,5
83768,50,11,5
83784,50,11,5
83801,50,11,5
83817,50,11,5
83834,50,11,5
83851,50,11,5
83867,50,11,5
83884,50,11,5
83901,50,11,5
83917,50,11,5
83934,50,11,5
83950,50,11,5
83968,50,11,5
83984,50,11,5
84000,50,11,5
84017,50,11,5
84034,50,11,5
84050,50,11,5
84067,50,11,5
84083,50,11,5
84101,50,11,5
84117,50,10,6
84133,50,11,5
84150,50,11,5
84167,50,11,5
84184,50,11,5
84200,50,11,5
84216,50,11,5
84234,50,11,5
84250,50,11,5
84267,50,11,5
84283,50,11,5
84300,50,11,5
84317,50,10,6
84333,50,11,5
84349,50,11,5
84367,50,11,5
84383,50,11,5
84400,50,11,5
84416,50,11,5
84433,50,11,5
84450,50,11,5
84466,50,11,5
84483,50,11,5
84500,50,11,5
84516,50,11,5
84533,50,11,5
84549,50,11,5
84567,50,11,5
84583,50,11,5
84599,50,11,5
84616,50,11,5
84633,50,11,5
84649,50,11,5
84666,50,11,5
84682,50,11,5
84700,50,11,5
84716,50,10,6
84732,50,11,5
84749,50,11,5
84766,50,11,5
84783,50,11,5
84799,50,11,5
84815,50,11,5
84833,50,11,5
84849,50,11,5
84866,50,11,5
84882,50,11,5
84899,50,11,5
84916,50,11,5
84932,50,11,5
84948,50,11,5
84966,50,11,5
84982,50,11,5
84999,50,11,5
85015,50,11,5
85032,50,11,5
85049,50,11,5
85065,50,11,5
85082,50,11,5
85099,50,11,5
85115,50,11,5
85132,50,11,5
85148,50,11,5
85166,50,11,5
85182,50,11,5
85198,50,11,5
85215,50,11,5
85232,50,11,5
85249,50,11,5
85265,50,11,5
85281,50,11,5
85299,50,11,5
85315,50,11,5
85331,50,11,5
85348,50,11,5
85365,50,11,5
85382,50,11,5
85398,50,11,5
85414,50,11,5
85432,50,11,5
85448,50,11,5
85465,50,11,5
85481,50,11,5
85498,50,11,5
85515,50,11,5
85531,50,11,5
85548,50,11,5
85565,50,11,5
85581,50,11,5
85598,50,11,5
85614,50,11,5
85632,50,11,5
85648,50,11,5
85664,50,11,5
85681,50,11,5
85698,50,11,5
85714,50,11,5
85731,50,11,5
85747,50,11,5
85765,50,11,5
85781,50,11,5
85797,50,11,5
85814,50,11,5
85831,50,11,5
85848,50,11,5
85864,50,11,5
85880,50,11,5
85898,50,11,5
85914,50,11,5
85931,50,11,5
85947,50,11,5
85964,50,11,5
85981,50,11,5
85997,50,11,5
86013,50,11,5
86031,50,11,5
86047,50,11,5
86064,50,11,5
86080,50,11,5
86097,50,11,5
86114,50,11,5
86130,50,11,5
86147,50,11,5
86164,50,11,5
86180,50,11,5
86197,50,11,5
86213,50,11,5
86231,50,11,5
86247,50,11,5
86263,50,11,5
86280,50,11,5
86297,50,11,5
86313,50,11,5
86330,50,11,5
86346,50,11,5
86364,50,11,5
86380,50,11,5
86396,50,11,5
86413,50,11,5
86430,50,11,5
86447,50,11,5
86463,50,11,5
86479,50,11,5
86497,50,11,5
86513,50,11,5
86530,50,11,5
86546,50,11,5
86563,50,11,5
86580,50,11,5
86596,50,11,5
86612,50,11,5
86630,50,11,5
86646,50,11,5
86663,50,11,5
86679,50,11,5
86696,50,11,5
86713,50,11,5
86729,50,11,5
86746,50,11,5
86763,50,11,5
86779,50,11,5
86796,50,11,5
86812,50,11,5
86830,50,11,5
86846,50,11,5
86862,50,11,5
86879,50,11,5
86896,50,11,5
86913,50,11,5
86929,50,11,5
86945,50,11,5
86963,50,11,5
86979,50,11,5
86995,50,11,5
87012,50,11,5
87029,50,11,5
87046,50,11,5
87062,50,11,5
87078,50,11,5
87096,50,11,5
87112,50,11,5
87129,50,11,5
87145,50,11,5
87162,50,11,5
87179,50,11,5
87195,50,11,5
87212,50,11,5
87229,50,11,5
87245,50,11,5
87262,50,11,5
87278,50,11,5
87296,50,11,5
87312,50,11,5
87328,50,11,5
87345,50,11,5
87362,50,11,5
87378,50,11,5
87395,50,11,5
87411,50,12,4
87429,50,11,5
87445,50,11,5
87461,50,11,5
87478,50,11,5
87495,50,11,5
87512,50,11,5
87528,50,11,5
87544,50,11,5
87562,50,11,5
87578,50,11,5
87595,50,11,5
87611,50,11,5
87628,50,11,5
87645,50,11,5
87661,50,11,5
87677,50,11,5
87695,50,11,5
87711,50,11,5
87728,50,11,5
87744,50,11,5
87761,50,11,5
87778,50,11,5
87794,50,11,5
87811,50,11,5
87828,50,11,5
87844,50,11,5
87861,50,11,5
87877,50,11,5
87895,50,11,5
87911,50,11,5
87927,50,11,5
87944,50,11,5
87961,50,11,5
87977,50,11,5
87994,50,11,5
88010,50,11,5
88028,50,11,5
88044,50,11,5
88060,50,11,5
88077,50,11,5
88094,50,11,5
88111,50,11,5
88127,50,11,5
88143,50,11,5
88161,50,11,5
88177,50,11,5
88194,50,11,5
88210,50,11,5
88227,50,11,5
88244,50,11,5
88260,50,11,5
88276,50,11,5
88294,50,11,5
88310,50,11,5
88327,50,11,5
88343,50,11,5
88360,50,11,5
88377,50,11,5
88393,50,11,5
88410,50,11,5
88427,50,11,5
88443,50,11,5
88460,50,11,5
88476,50,11,5
88494,50,11,5
88510,50,11,5
88526,50,11,5
88543,50,11,5
88560,50,11,5
88577,50,11,5
88593,50,11,5
88609,50,11,5
88627,50,11,5
88643,50,11,5
88659,50,11,5
88676,50,11,5
88693,50,11,5
88710,50,11,5
88726,50,11,5
88742,50,11,5
88760,50,11,5
88776,50,11,5
88793,50,11,5
88809,50,11,5
88826,50,11,5
88843,50,11,5
88859,50,11,5
88876,50,11,5
88893,50,11,5
88909,50,11,5
88926,50,11,5
88942,50,11,5
88960,50,11,5
88976,50,11,5
88992,50,11,5
89009,50,11,5
89026,50,11,5
89042,50,11,5
89059,50,11,5
89075,50,11,5
89093,50,11,5
89109,50,11,5
89125,50,11,5
89142,50,11,5
89159,50,11,5
89176,50,11,5
89192,50,11,5
89208,50,11,5
89226,50,11,5
89242,50,11,5
89259,50,11,5
89275,50,11,5
89292,50,11,5
89309,50,11,5
89325,50,11,5
89341,50,11,5
89359,50,10,6
89375,50,11,5
89392,50,11,5
89408,50,11,5
89425,50,11,5
89442,50,11,5
89458,50,10,6
89475,50,11,5
89492,50,11,5
89508,50,11,5
89525,50,11,5
89541,50,11,5
89559,50,10,6
89575,50,11,5
89591,50,11,5
89608,50,11,5
89625,50,11,5
89641,50,11,5
89658,50,10,6
89674,50,11,5
89692,50,11,5
89708,50,11,5
89724,50,11,5
89741,50,11,5
89758,50,11,5
89775,50,11,5
89791,50,11,5
89807,50,11,5
89825,50,11,5
89841,50,11,5
89858,50,11,5
89874,50,11,5
89891,50,11,5
89908,50,11,5
89924,50,11,5
89940,50,11,5
89958,50,10,6
89974,50,11,5
89991,50,11,5
90007,50,11,5
90024,50,11,5
90041,50,11,5
90057,50,10,6
90074,50,11,5
90091,50,11,5
90107,50,11,5
90124,50,11,5
90140,50,11,5
90158,50,10,6
90174,50,11,5
90190,50,11,5
90207,50,11,5
90224,50,11,5
90241,50,11,5
90257,50,10,6
90273,50,11,5
90291,50,11,5
90307,50,11,5
90323,50,11,5
90340,50,11,5
90357,50,11,5
90374,50,11,5
90390,50,11,5
90406,50,11,5
90424,50,11,5
90440,50,11,5
90457,50,11,5
90473,50,11,5
90490,50,11,5
90507,50,11,5
90523,50,11,5
90540,50,11,5
90557,50,11,5
90573,50,10,6
90590,50,11,5
90606,50,11,5
90624,50,11,5
90640,50,10,6
90656,50,11,5
90673,50,11,5
90690,50,11,5
90706,50,10,6
90723,50,10,6
90739,50,11,5
90757,50,11,5
90773,50,10,6
90789,50,10,6
90806,50,11,5
90823,50,11,5
90840,50,10,6
90856,50,10,6
90872,50,11,5
90890,50,11,5
90906,50,10,6
90923,50,10,6
90939,50,11,5
90956,50,11,5
90973,50,10,6
90989,50,10,6
91005,50,11,5
91023,50,11,5
91039,50,10,6
91056,50,10,6
91072,50,11,5
91089,50,11,5
91106,50,10,6
91122,50,10,6
91139,50,10,6
91155,50,10,6
91172,50,10,6
91189,50,10,6
91205,50,10,6
91222,50,10,6
91239,50,10,6
91255,50,10,6
91272,50,10,6
91288,50,10,6
91305,50,10,6
91322,50,10,6
91338,50,10,6
91355,50,10,6
91372,50,10,6
91388,50,10,6
91405,50,10,6
91421,50,10,6
91439,50,10,6
91455,50,10,6
91471,50,10,6
91488,50,10,6
91505,50,10,6
91522,50,10,6
91538,50,11,5
91554,50,10,6
91572,50,10,6
91588,50,10,6
91604,50,10,6
91621,50,10,6
91638,50,10,6
91655,50,10,6
91671,50,10,6
91687,50,10,6
91705,50,10,6
91721,50,10,6
91738,50,10,6
91754,50,10,6
91771,50,10,6
91788,50,10,6
91804,50,10,6
91821,50,10,6
91838,50,10,6
91854,50,10,6
91871,50,10,6
91887,50,10,6
91905,50,10,6
91921,50,10,6
91937,50,10,6
91954,50,10,6
91971,50,10,6
91987,50,10,6
92004,50,10,6
92021,50,11,5
92038,50,10,6
92054,50,10,6
92070,50,10,6
92087,50,10,6
92104,50,10,6
92121,50,10,6
92137,50,10,6
92153,50,10,6
92171,50,10,6
92187,50,10,6
92204,50,10,6
92220,50,10,6
92237,50,10,6
92254,50,10,6
92270,50,11,5
92286,50,10,6
92304,50,10,6
92320,50,10,6
92337,50,10,6
92353,50,10,6
92370,50,10,6
92387,50,10,6
92403,50,11,5
92421,50,11,5
92437,50,10,6
92453,50,10,6
92470,50,11,5
92486,50,10,6
92504,50,10,6
92520,50,10,6
92536,50,10,6
92553,50,10,6
92570,50,10,6
92587,50,10,6
92603,50,10,6
92619,50,10,6
92637,50,10,6
92653,50,10,6
92669,50,10,6
92686,50,10,6
92703,50,10,6
92720,50,10,6
92736,50,10,6
92752,50,10,6
92770,50,10,6
92786,50,10,6
92803,50,10,6
92819,50,10,6
92836,50,10,6
92853,50,10,6
92869,50,10,6
92886,50,10,6
92903,50,10,6
92919,50,10,6
92936,50,10,6
92952,50,10,6
92969,50,10,6
92986,50,10,6
93002,50,10,6
93019,50,10,6
93036,50,10,6
93052,50,10,6
93069,50,10,6
93085,50,10,6
93103,50,10,6
93119,50,10,6
93135,50,10,6
93152,50,10,6
93169,50,10,6
93186,50,10,6
93202,50,10,6
93219,50,10,6
93236,50,10,6
93252,50,10,6
93268,50,10,6
93285,50,10,6
93302,50,10,6
93319,50,10,6
93335,50,10,6
93351,50,10,6
93369,50,10,6
93385,50,10,6
93402,50,10,6
93418,50,10,6
93435,50,10,6
93452,50,10,6
93468,50,10,6
93485,50,10,6
93502,50,10,6
93518,50,10,6
93535,50,10,6
93551,50,10,6
93569,50,10,6
93585,50,10,6
93601,50,10,6
93618,50,10,6
93635,50,10,6
93651,50,10,6
93668,50,10,6
93684,50,10,6
93702,50,10,6
93718,50,10,6
93734,50,10,6
93751,50,10,6
93768,50,10,6
93785,50,10,6
93801,50,10,6
93818,50,10,6
93835,50,10,6
93851,50,10,6
93868,50,10,6
93884,50,10,6
93901,50,10,6
93918,50,10,6
93934,50,10,6
93950,50,10,6
93968,50,10,6
93984,50,10,6
94001,50,10,6
94017,50,10,6
94034,50,10,6
94051,50,10,6
94067,50,10,6
94084,50,10,6
94101,50,10,6
94117,50,10,6
94134,50,10,6
94150,50,10,6
94168,50,10,6
94184,50,10,6
94200,50,10,6
94217,50,10,6
94234,50,10,6
94251,50,10,6
94267,50,10,6
94283,50,10,6
94301,50,10,6
94317,50,10,6
94333,50,10,6
94350,50,10,6
94367,50,10,6
94384,50,10,6
94400,50,10,6
94416,50,10,6
94434,50,10,6
94450,50,10,6
94467,50,10,6
94483,50,10,6
94500,50,10,6
94517,50,10,6
94533,50,10,6
94550,50,10,6
94567,50,10,6
94583,50,10,6
94600,50,10,6
94616,50,10,6
94633,50,10,6
94650,50,10,6
94666,50,10,6
94683,50,10,6
94700,50,10,6
94716,50,10,6
94733,50,10,6
94749,50,10,6
94767,50,10,6
94783,50,10,6
94799,50,10,6
94816,50,10,6
94833,50,10,6
94850,50,10,6
94866,50,10,6
94882,50,10,6
94900,50,10,6
94916,50,10,6
94932,50,10,6
94949,50,10,6
94966,50,10,6
94983,50,10,6
94999,50,10,6
95015,50,10,6
95033,50,10,6
95049,50,10,6
95066,50,10,6
95082,50,10,6
95099,50,10,6
95116,50,10,6
95132,50,10,6
95149,50,10,6
95166,50,10,6
95182,50,10,6
95199,50,10,6
95215,50,10,6
95233,50,10,6
95249,50,10,6
95265,50,10,6
95282,50,10,6
95299,50,10,6
95315,50,10,6
95332,50,10,6
95348,50,10,6
95366,50,10,6
95382,50,10,6
95398,50,10,6
95415,50,10,6
95432,50,10,6
95449,50,10,6
95465,50,10,6
95481,50,10,6
95499,50,10,6
95515,50,10,6
95532,50,10,6
95548,50,10,6
95565,50,10,6
95582,50,10,6
95598,50,10,6
95614,50,10,6
95632,50,10,6
95648,50,10,6
95665,50,10,6
